time,Acc. volume - continuous gas,Acc. volume - continuous oil,Acc. volume - bubbles,Acc. volume - droplets,Acc. volume - total gas,Acc. volume - total liquid,Acc. volume - total,Temperature - average,MFR - continuous gas,MFR - continuous oil,MFR - bubbles,MFR - droplets,MFR - total gas,MFR - total liquid,MFR - total,MF - continuous gas,MF - continuous oil,MF - bubbles,MF - droplets,MF - total gas,MF - total oil,Pressure,Std. VFR - total gas,Std. VFR - total oil,Temperature - gas,Temperature - oil,VF - continuous gas,VF - continuous oil,VF - bubbles,VF - droplets,VF - total gas,VF - total oil
[s],[?],[?],[?],[?],[?],[?],[?],[C],[kg/s],[kg/s],[kg/s],[kg/s],[kg/s],[kg/s],[kg/s],[?],[?],[-],[-],[?],[?],[Bar],[?],[?],[C],[C],[?],[?],[-],[-],[-],[-]
0,0,0,0,0,0,0,0,3.340825674228256,0,40,0,0,0,40,40,0,1,0,0,0,1,80,1849712.203595331,0,3.340825674228256,3.340825674228256,0,1,0,0,0,1
12.065789941150687,0,0.5336660131165566,0,0,0,0.5336660131165566,0.5336660131165566,3.337745018567148,0,39.83115465912115,0,0,0,39.83115465912115,39.83115465912115,0,1,0,0,0,1,80,1841904.321406735,0,3.337745018567148,3.337745018567148,0,1,0,0,0,1
24.16932954266427,0,1.0711471340432355,0,0,0,1.0711471340432355,1.0711471340432355,3.3382331568166705,0,39.99063106179736,0,0,0,39.99063106179736,39.99063106179736,0,1,0,0,0,1,80,1849278.957612127,0,3.3382331568166705,3.3382331568166705,0,1,0,0,0,1
36.258357387230205,0,1.6081368942265022,0,0,0,1.6081368942265022,1.6081368942265022,3.338573701440964,0,40.00191497305217,0,0,0,40.00191497305217,40.00191497305217,0,1,0,0,0,1,80,1849800.757320935,0,3.338573701440964,3.338573701440964,0,1,0,0,0,1
48.343935404352386,0,2.1449778543537645,0,0,0,2.1449778543537645,2.1449778543537645,3.3387760480208613,0,40.00217861516458,0,0,0,40.00217861516458,40.00217861516458,0,1,0,0,0,1,80,1849812.9488717525,0,3.3387760480208613,3.3387760480208613,0,1,0,0,0,1
60.42939656856051,0,2.681808611634059,0,0,0,2.681808611634059,2.681808611634059,3.3389227467433784,0,40.001756431017085,0,0,0,40.001756431017085,40.001756431017085,0,1,0,0,0,1,80,1849793.425892508,0,3.3389227467433784,3.3389227467433784,0,1,0,0,0,1
72.51496481573795,0,3.2186405580261397,0,0,0,3.2186405580261397,3.2186405580261397,3.3390356136351897,0,40.00145317581633,0,0,0,40.00145317581633,40.00145317581633,0,1,0,0,0,1,80,1849779.4025213667,0,3.3390356136351897,3.3390356136351897,0,1,0,0,0,1
84.60060972774076,0,3.7554735356198634,0,0,0,3.7554735356198634,3.7554735356198634,3.3391275745149187,0,40.00124580087471,0,0,0,40.00124580087471,40.00124580087471,0,1,0,0,0,1,80,1849769.812922361,0,3.3391275745149187,3.3391275745149187,0,1,0,0,0,1
96.68630575120227,0,4.2923071800559205,0,0,0,4.2923071800559205,4.2923071800559205,3.33920627270021,0,40.00110026993401,0,0,0,40.00110026993401,40.00110026993401,0,1,0,0,0,1,80,1849763.0831634356,0,3.33920627270021,3.33920627270021,0,1,0,0,0,1
108.77203634082778,0,4.829141254145575,0,0,0,4.829141254145575,4.829141254145575,3.3392762679017665,0,40.000994721789446,0,0,0,40.000994721789446,40.000994721789446,0,1,0,0,0,1,80,1849758.202321159,0,3.3392762679017665,3.3392762679017665,0,1,0,0,0,1
120.85779078974016,0,5.365973762948031,0,0,0,5.365973762948031,5.365973762948031,3.339331210502678,0,40.000780948075345,0,0,0,40.000780948075345,40.000780948075345,0,1,0,0,0,1,80,1849748.3168249645,0,3.339331210502678,3.339331210502678,0,1,0,0,0,1
132.94360249724238,0,5.902808540729616,0,0,0,5.902808540729616,5.902808540729616,3.33938344217961,0,40.000743234455186,0,0,0,40.000743234455186,40.000743234455186,0,1,0,0,0,1,80,1849746.5728413782,0,3.33938344217961,3.33938344217961,0,1,0,0,0,1
145.02942006061642,0,6.439643363647797,0,0,0,6.439643363647797,6.439643363647797,3.3394334841837576,0,40.00071067111206,0,0,0,40.00071067111206,40.00071067111206,0,1,0,0,0,1,80,1849745.0670210489,0,3.3394334841837576,3.3394334841837576,0,1,0,0,0,1
157.1152422009192,0,6.976478209536321,0,0,0,6.976478209536321,6.976478209536321,3.3394816906650817,0,40.0006812963718,0,0,0,40.0006812963718,40.0006812963718,0,1,0,0,0,1,80,1849743.7086506605,0,3.3394816906650817,3.3394816906650817,0,1,0,0,0,1
169.20106817793368,0,7.513313070249714,0,0,0,7.513313070249714,7.513313070249714,3.339528297861307,0,40.000654293654826,0,0,0,40.000654293654826,40.000654293654826,0,1,0,0,0,1,80,1849742.4599692826,0,3.339528297861307,3.339528297861307,0,1,0,0,0,1
181.2868974620266,0,8.05014794031737,0,0,0,8.05014794031737,8.05014794031737,3.3395734672631647,0,40.00062911178561,0,0,0,40.00062911178561,40.00062911178561,0,1,0,0,0,1,80,1849741.2954890123,0,3.3395734672631647,3.3395734672631647,0,1,0,0,0,1
193.37272966581764,0,8.586982816114299,0,0,0,8.586982816114299,8.586982816114299,3.3396173129766,0,40.00060537965503,0,0,0,40.00060537965503,40.00060537965503,0,1,0,0,0,1,80,1849740.1980487236,0,3.3396173129766,3.3396173129766,0,1,0,0,0,1
205.45856449734558,0,9.12381769523378,0,0,0,9.12381769523378,9.12381769523378,3.339659918983216,0,40.00058284440326,0,0,0,40.00058284440326,40.00058284440326,0,1,0,0,0,1,80,1849739.1559554685,0,3.339659918983216,3.339659918983216,0,1,0,0,0,1
217.54440172917558,0,9.6606525760731,0,0,0,9.6606525760731,9.6606525760731,3.3397013500525077,0,40.000561330921236,0,0,0,40.000561330921236,40.000561330921236,0,1,0,0,0,1,80,1849738.1611117127,0,3.3397013500525077,3.3397013500525077,0,1,0,0,0,1
229.6302411780051,0,10.197487457562003,0,0,0,10.197487457562003,10.197487457562003,3.3397416586605004,0,40.00054071544522,0,0,0,40.00054071544522,40.00054071544522,0,1,0,0,0,1,80,1849737.2077942733,0,3.3397416586605004,3.3397416586605004,0,1,0,0,0,1
241.71608269114117,0,10.7343223389843,0,0,0,10.7343223389843,10.7343223389843,3.339780889388976,0,40.00052090829542,0,0,0,40.00052090829542,40.00052090829542,0,1,0,0,0,1,80,1849736.2918561057,0,3.339780889388976,3.339780889388976,0,1,0,0,0,1
253.80192613748596,0,11.27115721986036,0,0,0,11.27115721986036,11.27115721986036,3.3398190817328555,0,40.00050184256146,0,0,0,40.00050184256146,40.00050184256146,0,1,0,0,0,1,80,1849735.4102030864,0,3.3398190817328555,3.3398190817328555,0,1,0,0,0,1
265.88777140148807,0,11.807992099869475,0,0,0,11.807992099869475,11.807992099869475,3.339856271897361,0,40.00048346666001,0,0,0,40.00048346666001,40.00048346666001,0,1,0,0,0,1,80,1849734.560449857,0,3.339856271897361,3.339856271897361,0,1,0,0,0,1
277.97361837905083,0,12.344826978798363,0,0,0,12.344826978798363,12.344826978798363,3.3398924939510835,0,40.0004657394221,0,0,0,40.0004657394221,40.0004657394221,0,1,0,0,0,1,80,1849733.7406926497,0,3.3398924939510835,3.3398924939510835,0,1,0,0,0,1
290.0594669747372,0,12.881661856506865,0,0,0,12.881661856506865,12.881661856506865,3.3399277805665974,0,40.000448626837304,0,0,0,40.000448626837304,40.000448626837304,0,1,0,0,0,1,80,1849732.9493587266,0,3.3399277805665974,3.3399277805665974,0,1,0,0,0,1
302.14531709983686,0,13.41849673290493,0,0,0,13.41849673290493,13.41849673290493,3.3399621634922596,0,40.00043209988373,0,0,0,40.00043209988373,40.00043209988373,0,1,0,0,0,1,80,1849732.1851060337,0,3.3399621634922596,3.3399621634922596,0,1,0,0,0,1
314.231168671011,0,13.95533160793715,0,0,0,13.95533160793715,13.95533160793715,3.3399956738480228,0,40.00041613308094,0,0,0,40.00041613308094,40.00041613308094,0,1,0,0,0,1,80,1849731.4467562842,0,3.3399956738480228,3.3399956738480228,0,1,0,0,0,1
326.317021609324,0,14.492166481572172,0,0,0,14.492166481572172,14.492166481572172,3.340028342302446,0,40.000400703512994,0,0,0,40.000400703512994,40.000400703512994,0,1,0,0,0,1,80,1849730.733249781,0,3.340028342302446,3.340028342302446,0,1,0,0,0,1
338.4028758395396,0,15.02900135379548,0,0,0,15.02900135379548,15.02900135379548,3.3400601991675103,0,40.000385790173496,0,0,0,40.000385790173496,40.000385790173496,0,1,0,0,0,1,80,1849730.0436151295,0,3.3400601991675103,3.3400601991675103,0,1,0,0,0,1
350.48873128959644,0,15.565836224604315,0,0,0,15.565836224604315,15.565836224604315,3.340091274434542,0,40.00037137351893,0,0,0,40.00037137351893,40.00037137351893,0,1,0,0,0,1,80,1849729.3769485825,0,3.340091274434542,3.340091274434542,0,1,0,0,0,1
362.57458789020916,0,16.102671094004094,0,0,0,16.102671094004094,16.102671094004094,3.340121597767393,0,40.000357435166464,0,0,0,40.000357435166464,40.000357435166464,0,1,0,0,0,1,80,1849728.732400066,0,3.340121597767393,3.340121597767393,0,1,0,0,0,1
374.6604455745579,0,16.639505962005813,0,0,0,16.639505962005813,16.639505962005813,3.34015119846174,0,40.00034395768905,0,0,0,40.00034395768905,40.00034395768905,0,1,0,0,0,1,80,1849728.1091637046,0,3.34015119846174,3.34015119846174,0,1,0,0,0,1
386.7463042780416,0,17.176340828624113,0,0,0,17.176340828624113,17.176340828624113,3.3401801053798863,0,40.000330924474945,0,0,0,40.000330924474945,40.000330924474945,0,1,0,0,0,1,80,1849727.5064713252,0,3.3401801053798863,3.3401801053798863,0,1,0,0,0,1
398.83216393807834,0,17.713175693875797,0,0,0,17.713175693875797,17.713175693875797,3.3402083468646424,0,40.00031831963376,0,0,0,40.00031831963376,40.00031831963376,0,1,0,0,0,1,80,1849726.9235881113,0,3.3402083468646424,3.3402083468646424,0,1,0,0,0,1
410.9180244939428,0,18.250010557778694,0,0,0,18.250010557778694,18.250010557778694,3.3402359506386574,0,40.000306127933015,0,0,0,40.000306127933015,40.000306127933015,0,1,0,0,0,1,80,1849726.35980967,0,3.3402359506386574,3.3402359506386574,0,1,0,0,0,1
423.00388588663196,0,18.78684542035071,0,0,0,18.78684542035071,18.78684542035071,3.3402629436927214,0,40.00029433475645,0,0,0,40.00029433475645,40.00029433475645,0,1,0,0,0,1,80,1849725.8144601043,0,3.3402629436927214,3.3402629436927214,0,1,0,0,0,1
435.089748058755,0,19.323680281609075,0,0,0,19.323680281609075,19.323680281609075,3.3402893521669057,0,40.000282926076316,0,0,0,40.000282926076316,40.000282926076316,0,1,0,0,0,1,80,1849725.2868907328,0,3.3402893521669057,3.3402893521669057,0,1,0,0,0,1
447.1756109544438,0,19.86051514156971,0,0,0,19.86051514156971,19.86051514156971,3.340315201228236,0,40.000271888434995,0,0,0,40.000271888434995,40.000271888434995,0,1,0,0,0,1,80,1849724.7764792365,0,3.340315201228236,3.340315201228236,0,1,0,0,0,1
459.2614745192817,0,20.3973500002467,0,0,0,20.3973500002467,20.3973500002467,3.340340514949105,0,40.00026120893424,0,0,0,40.00026120893424,40.00026120893424,0,1,0,0,0,1,80,1849724.2826291649,0,3.340340514949105,3.340340514949105,0,1,0,0,0,1
471.347338700248,0,20.934184857651847,0,0,0,20.934184857651847,20.934184857651847,3.340365316189036,0,40.000250875226705,0,0,0,40.000250875226705,40.000250875226705,0,1,0,0,0,1,80,1849723.8047695411,0,3.340365316189036,3.340365316189036,0,1,0,0,0,1
483.4332034456776,0,21.471019713794323,0,0,0,21.471019713794323,21.471019713794323,3.3403896264836135,0,40.000240875509874,0,0,0,40.000240875509874,40.000240875509874,0,1,0,0,0,1,80,1849723.3423545847,0,3.3403896264836135,3.3403896264836135,0,1,0,0,0,1
495.51906870523436,0,22.007854568680408,0,0,0,22.007854568680408,22.007854568680408,3.3404134659431293,0,40.00023119852092,0,0,0,40.00023119852092,40.00023119852092,0,1,0,0,0,1,80,1849722.8948634712,0,3.3404134659431293,3.3404134659431293,0,1,0,0,0,1
507.6049344298965,0,22.54468942231325,0,0,0,22.54468942231325,22.54468942231325,3.340436853164192,0,40.000221833529075,0,0,0,40.000221833529075,40.000221833529075,0,1,0,0,0,1,80,1849722.4617999783,0,3.340436853164192,3.340436853164192,0,1,0,0,0,1
519.6908005719537,0,23.081524274692786,0,0,0,23.081524274692786,23.081524274692786,3.3404598051556604,0,40.00021277033074,0,0,0,40.00021277033074,40.00021277033074,0,1,0,0,0,1,80,1849722.0426922643,0,3.3404598051556604,3.3404598051556604,0,1,0,0,0,1
531.7766670850136,0,23.618359125815633,0,0,0,23.618359125815633,23.618359125815633,3.3404823372819124,0,40.000203999236994,0,0,0,40.000203999236994,40.000203999236994,0,1,0,0,0,1,80,1849721.6370922858,0,3.3404823372819124,3.3404823372819124,0,1,0,0,0,1
543.8625339240183,0,24.15519397567514,0,0,0,24.15519397567514,24.15519397567514,3.3405044632238514,0,40.00019551106504,0,0,0,40.00019551106504,40.00019551106504,0,1,0,0,0,1,80,1849721.2445754043,0,3.3405044632238514,3.3405044632238514,0,1,0,0,0,1
555.9484010452672,0,24.69202882426145,0,0,0,24.69202882426145,24.69202882426145,3.340526194959068,0,40.00018729712318,0,0,0,40.00018729712318,40.00018729712318,0,1,0,0,0,1,80,1849720.8647396923,0,3.340526194959068,3.340526194959068,0,1,0,0,0,1
568.0342684064472,0,25.228863671561623,0,0,0,25.228863671561623,25.228863671561623,3.34054754276184,0,40.00017934919388,0,0,0,40.00017934919388,40.00017934919388,0,1,0,0,0,1,80,1849720.4972051466,0,3.34054754276184,3.34054754276184,0,1,0,0,0,1
580.120135966667,0,25.765698517559873,0,0,0,25.765698517559873,25.765698517559873,3.3405685152225715,0,40.0001716595174,0,0,0,40.0001716595174,40.0001716595174,0,1,0,0,0,1,80,1849720.1416129358,0,3.3405685152225715,3.3405685152225715,0,1,0,0,0,1
592.2060036864958,0,26.302533362237774,0,0,0,26.302533362237774,26.302533362237774,3.3405891192865056,0,40.00016422076898,0,0,0,40.00016422076898,40.00016422076898,0,1,0,0,0,1,80,1849719.7976243426,0,3.3405891192865056,3.3405891192865056,0,1,0,0,0,1
604.2918715280035,0,26.83936754319887,0,0,0,26.83936754319887,26.83936754319887,3.3406093603110776,0,40.00010766932544,0,0,0,40.00010766932544,40.00010766932544,0,1,0,0,0,1,80,1849717.1825269612,0,3.3406093603110776,3.3406093603110776,0,1,0,0,0,1
616.377753519388,0,27.376202348753026,0,0,0,27.376202348753026,27.376202348753026,3.340629249795086,0,40.00010080088179,0,0,0,40.00010080088179,40.00010080088179,0,1,0,0,0,1,80,1849716.8649108603,0,3.340629249795086,3.340629249795086,0,1,0,0,0,1
628.4636355424623,0,27.913037172897514,0,0,0,27.913037172897514,27.913037172897514,3.340648794120341,0,40.000095619435456,0,0,0,40.000095619435456,40.000095619435456,0,1,0,0,0,1,80,1849716.6253062475,0,3.340648794120341,3.340648794120341,0,1,0,0,0,1
640.5495171262261,0,28.449871997733254,0,0,0,28.449871997733254,28.449871997733254,3.3406679882324966,0,40.00009077916868,0,0,0,40.00009077916868,40.00009077916868,0,1,0,0,0,1,80,1849716.4014787346,0,3.3406679882324966,3.3406679882324966,0,1,0,0,0,1
652.6353982045187,0,28.98670682239964,0,0,0,28.98670682239964,28.98670682239964,3.340686828304115,0,40.00008621091032,0,0,0,40.00008621091032,40.00008621091032,0,1,0,0,0,1,80,1849716.1902296531,0,3.340686828304115,3.340686828304115,0,1,0,0,0,1
664.7212787322876,0,29.52354164652584,0,0,0,29.52354164652584,29.52354164652584,3.340705310995247,0,40.00008188232711,0,0,0,40.00008188232711,40.00008188232711,0,1,0,0,0,1,80,1849715.9900638238,0,3.340705310995247,3.340705310995247,0,1,0,0,0,1
676.8071586744471,0,30.060376469831006,0,0,0,30.060376469831006,30.060376469831006,3.340723432999596,0,40.00007776818896,0,0,0,40.00007776818896,40.00007776818896,0,1,0,0,0,1,80,1849715.799814535,0,3.340723432999596,3.340723432999596,0,1,0,0,0,1
688.8930380037766,0,30.597211292097946,0,0,0,30.597211292097946,30.597211292097946,3.3407411908094673,0,40.00007384834324,0,0,0,40.00007384834324,40.00007384834324,0,1,0,0,0,1,80,1849715.6185498738,0,3.3407411908094673,3.3407411908094673,0,1,0,0,0,1
700.9789166994434,0,31.134046113159545,0,0,0,31.134046113159545,31.134046113159545,3.3407585806209,0,40.00007010662495,0,0,0,40.00007010662495,40.00007010662495,0,1,0,0,0,1,80,1849715.445522324,0,3.3407585806209,3.3407585806209,0,1,0,0,0,1
713.0647947458548,0,31.67088093288821,0,0,0,31.67088093288821,31.67088093288821,3.3407755983285483,0,40.000066529988835,0,0,0,40.000066529988835,40.000066529988835,0,1,0,0,0,1,80,1849715.2801286373,0,3.3407755983285483,3.3407755983285483,0,1,0,0,0,1
725.1506721317654,0,32.207715751187614,0,0,0,32.207715751187614,32.207715751187614,3.34079223957508,0,40.00006310781625,0,0,0,40.00006310781625,40.00006310781625,0,1,0,0,0,1,80,1849715.1218777774,0,3.34079223957508,3.34079223957508,0,1,0,0,0,1
737.2365488495822,0,32.744550567986245,0,0,0,32.744550567986245,32.744550567986245,3.340808499833372,0,40.00005983136817,0,0,0,40.00005983136817,40.00005983136817,0,1,0,0,0,1,80,1849714.9703656272,0,3.340808499833372,3.340808499833372,0,1,0,0,0,1
749.3224248948217,0,33.28138538323241,0,0,0,33.28138538323241,33.28138538323241,3.3408243745076334,0,40.00005669335274,0,0,0,40.00005669335274,40.00005669335274,0,1,0,0,0,1,80,1849714.8252549917,0,3.3408243745076334,3.3408243745076334,0,1,0,0,0,1
761.4083002656837,0,33.81822019689039,0,0,0,33.81822019689039,33.81822019689039,3.340839859041978,0,40.00005368758911,0,0,0,40.00005368758911,40.00005368758911,0,1,0,0,0,1,80,1849714.68626005,0,3.340839859041978,3.340839859041978,0,1,0,0,0,1
773.4941749627125,0,34.35505500893741,0,0,0,34.35505500893741,34.35505500893741,3.340854949030984,0,40.00005080874508,0,0,0,40.00005080874508,40.00005080874508,0,1,0,0,0,1,80,1849714.5531342265,0,3.340854949030984,3.340854949030984,0,1,0,0,0,1
785.5800489885241,0,34.89188981936137,0,0,0,34.89188981936137,34.89188981936137,3.340869640326673,0,40.0000480521322,0,0,0,40.0000480521322,40.0000480521322,0,1,0,0,0,1,80,1849714.4256607145,0,3.340869640326673,3.340869640326673,0,1,0,0,0,1
797.665922347583,0,35.428724628158996,0,0,0,35.428724628158996,35.428724628158996,3.3408839291394656,0,40.00004541355076,0,0,0,40.00004541355076,40.00004541355076,0,1,0,0,0,1,80,1849714.3036453072,0,3.3408839291394656,3.3408839291394656,0,1,0,0,0,1
809.751795046014,0,35.96555943533447,0,0,0,35.96555943533447,35.96555943533447,3.3408978121304926,0,40.000042889165236,0,0,0,40.000042889165236,40.000042889165236,0,1,0,0,0,1,80,1849714.1869106393,0,3.3408978121304926,3.3408978121304926,0,1,0,0,0,1
821.8376670914419,0,36.50239424089829,0,0,0,36.50239424089829,36.50239424089829,3.3409112864936787,0,40.00004047541381,0,0,0,40.00004047541381,40.00004047541381,0,1,0,0,0,1,80,1849714.0752920026,0,3.3409112864936787,3.3409112864936787,0,1,0,0,0,1
833.9235384928497,0,37.039229044866374,0,0,0,37.039229044866374,37.039229044866374,3.3409243500274783,0,40.00003816893534,0,0,0,40.00003816893534,40.00003816893534,0,1,0,0,0,1,80,1849713.9686339684,0,3.3409243500274783,3.3409243500274783,0,1,0,0,0,1
846.0094092604513,0,37.57606384725932,0,0,0,37.57606384725932,37.57606384725932,3.340937001194561,0,40.000035966515966,0,0,0,40.000035966515966,40.000035966515966,0,1,0,0,0,1,80,1849713.8667879186,0,3.340937001194561,3.340937001194561,0,1,0,0,0,1
858.0952794055743,0,38.11289864810183,0,0,0,38.11289864810183,38.11289864810183,3.3409492391708113,0,40.00003386504874,0,0,0,40.00003386504874,40.00003386504874,0,1,0,0,0,1,80,1849713.7696101791,0,3.3409492391708113,3.3409492391708113,0,1,0,0,0,1
870.1811489405497,0,38.64973344742216,0,0,0,38.64973344742216,38.64973344742216,3.3409610638819913,0,40.0000318615028,0,0,0,40.0000318615028,40.0000318615028,0,1,0,0,0,1,80,1849713.6769605945,0,3.3409610638819913,3.3409610638819913,0,1,0,0,0,1
882.2670178786088,0,39.186568245251664,0,0,0,39.186568245251664,39.186568245251664,3.340972476029947,0,40.000029952901265,0,0,0,40.000029952901265,40.000029952901265,0,1,0,0,0,1,80,1849713.588701506,0,3.340972476029947,3.340972476029947,0,1,0,0,0,1
894.3528862337828,0,39.723403041624444,0,0,0,39.723403041624444,39.723403041624444,3.340983477107784,0,40.00002813630642,0,0,0,40.00002813630642,40.00002813630642,0,1,0,0,0,1,80,1849713.5046970646,0,3.340983477107784,3.340983477107784,0,1,0,0,0,1
906.4387540208066,0,40.260237836576934,0,0,0,40.260237836576934,40.260237836576934,3.3409940694048714,0,40.00002640880753,0,0,0,40.00002640880753,40.00002640880753,0,1,0,0,0,1,80,1849713.42481267,0,3.3409940694048714,3.3409940694048714,0,1,0,0,0,1
918.5246212550267,0,40.7970726301476,0,0,0,40.7970726301476,40.7970726301476,3.341004256002691,0,40.0000247675149,0,0,0,40.0000247675149,40.0000247675149,0,1,0,0,0,1,80,1849713.348914695,0,3.341004256002691,3.341004256002691,0,1,0,0,0,1
930.6104879523101,0,41.33390742237664,0,0,0,41.33390742237664,41.33390742237664,3.341014040761479,0,40.00002320955633,0,0,0,40.00002320955633,40.00002320955633,0,1,0,0,0,1,80,1849713.2768703206,0,3.341014040761479,3.341014040761479,0,1,0,0,0,1
942.6963541289587,0,41.870742213305675,0,0,0,41.870742213305675,41.870742213305675,3.3410234282997067,0,40.00002173207513,0,0,0,40.00002173207513,40.00002173207513,0,1,0,0,0,1,80,1849713.2085474452,0,3.3410234282997067,3.3410234282997067,0,1,0,0,0,1
954.782219801624,0,42.407577002977476,0,0,0,42.407577002977476,42.407577002977476,3.3410324239657143,0,40.00002033223004,0,0,0,40.00002033223004,40.00002033223004,0,1,0,0,0,1,80,1849713.1438146816,0,3.3410324239657143,3.3410324239657143,0,1,0,0,0,1
966.8680849872279,0,42.94441179143573,0,0,0,42.94441179143573,42.94441179143573,3.3410410338041174,0,40.00001900719816,0,0,0,40.00001900719816,40.00001900719816,0,1,0,0,0,1,80,1849713.0825414907,0,3.3410410338041174,3.3410410338041174,0,1,0,0,0,1
978.9539497028843,0,43.48124657872481,0,0,0,43.48124657872481,43.48124657872481,3.3410492645157888,0,40.00001775417651,0,0,0,40.00001775417651,40.00001775417651,0,1,0,0,0,1,80,1849713.0245982548,0,3.3410492645157888,3.3410492645157888,0,1,0,0,0,1
991.0398139658263,0,44.01808136488948,0,0,0,44.01808136488948,44.01808136488948,3.341057123414771,0,40.000016570385874,0,0,0,40.000016570385874,40.000016570385874,0,1,0,0,0,1,80,1849712.969856455,0,3.341057123414771,3.341057123414771,0,1,0,0,0,1
1003.1256777933363,0,44.55491614997478,0,0,0,44.55491614997478,44.55491614997478,3.341064618380244,0,40.00001545307552,0,0,0,40.00001545307552,40.00001545307552,0,1,0,0,0,1,80,1849712.9181888902,0,3.341064618380244,3.341064618380244,0,1,0,0,0,1
1015.2115412026802,0,45.09175093402573,0,0,0,45.09175093402573,45.09175093402573,3.3410717578067874,0,40.000014399525156,0,0,0,40.000014399525156,40.000014399525156,0,1,0,0,0,1,80,1849712.869469766,0,3.3410717578067874,3.3410717578067874,0,1,0,0,0,1
1027.2974042110463,0,45.628585717087226,0,0,0,45.628585717087226,45.628585717087226,3.341078550552254,0,40.00001340705258,0,0,0,40.00001340705258,40.00001340705258,0,1,0,0,0,1,80,1849712.82357505,0,3.341078550552254,3.341078550552254,0,1,0,0,0,1
1039.3832668354878,0,46.1654204992038,0,0,0,46.1654204992038,46.1654204992038,3.341085005883997,0,40.000012473014834,0,0,0,40.000012473014834,40.000012473014834,0,1,0,0,0,1,80,1849712.7803825247,0,3.341085005883997,3.341085005883997,0,1,0,0,0,1
1051.4691290928702,0,46.7022552804195,0,0,0,46.7022552804195,46.7022552804195,3.341091133425323,0,40.000011594815376,0,0,0,40.000011594815376,40.000011594815376,0,1,0,0,0,1,80,1849712.7397721182,0,3.341091133425323,3.341091133425323,0,1,0,0,0,1
1063.5549909998228,0,47.239090060777734,0,0,0,47.239090060777734,47.239090060777734,3.34109694310132,0,40.000010769905856,0,0,0,40.000010769905856,40.000010769905856,0,1,0,0,0,1,80,1849712.7016259881,0,3.34109694310132,3.34109694310132,0,1,0,0,0,1
1075.6408525726956,0,47.77592484032114,0,0,0,47.77592484032114,47.77592484032114,3.341102445085369,0,40.00000999579155,0,0,0,40.00000999579155,40.00000999579155,0,1,0,0,0,1,80,1849712.6658287714,0,3.341102445085369,3.341102445085369,0,1,0,0,0,1
1087.7267138275188,0,48.312759619091466,0,0,0,48.312759619091466,48.312759619091466,3.3411076497469594,0,40.000009270035136,0,0,0,40.000009270035136,40.000009270035136,0,1,0,0,0,1,80,1849712.632267759,0,3.3411076497469594,3.3411076497469594,0,1,0,0,0,1
1099.8125747799686,0,48.849594397129486,0,0,0,48.849594397129486,48.849594397129486,3.3411125676009306,0,40.00000859025875,0,0,0,40.00000859025875,40.00000859025875,0,1,0,0,0,1,80,1849712.600832992,0,3.3411125676009306,3.3411125676009306,0,1,0,0,0,1
1111.898435445336,0,49.38642917447488,0,0,0,49.38642917447488,49.38642917447488,3.341117209258414,0,40.00000795414806,0,0,0,40.00000795414806,40.00000795414806,0,1,0,0,0,1,80,1849712.5714174495,0,3.341117209258414,3.341117209258414,0,1,0,0,0,1
1123.9842958385004,0,49.92326395116617,0,0,0,49.92326395116617,49.92326395116617,3.3411215853803924,0,40.000007359454806,0,0,0,40.000007359454806,40.000007359454806,0,1,0,0,0,1,80,1849712.5439171651,0,3.3411215853803924,3.3411215853803924,0,1,0,0,0,1
1136.070155973907,0,50.46009872724067,0,0,0,50.46009872724067,50.46009872724067,3.3411257066331927,0,40.0000068039987,0,0,0,40.0000068039987,40.0000068039987,0,1,0,0,0,1,80,1849712.5182313167,0,3.3411257066331927,3.3411257066331927,0,1,0,0,0,1
1148.156015865548,0,50.996933502734414,0,0,0,50.996933502734414,50.996933502734414,3.3411295836471027,0,40.00000628567019,0,0,0,40.00000628567019,40.00000628567019,0,1,0,0,0,1,80,1849712.4942623524,0,3.3411295836471027,3.3411295836471027,0,1,0,0,0,1
1160.241875526947,0,51.53376827768212,0,0,0,51.53376827768212,51.53376827768212,3.3411332269778313,0,40.000005802429925,0,0,0,40.000005802429925,40.000005802429925,0,1,0,0,0,1,80,1849712.4719159668,0,3.3411332269778313,3.3411332269778313,0,1,0,0,0,1
1172.3277349711486,0,52.07060305211717,0,0,0,52.07060305211717,52.07060305211717,3.3411366470708117,0,40.00000535231266,0,0,0,40.00000535231266,40.00000535231266,0,1,0,0,0,1,80,1849712.4511012821,0,3.3411366470708117,3.3411366470708117,0,1,0,0,0,1
1184.4135942107084,0,52.607437826071575,0,0,0,52.607437826071575,52.607437826071575,3.3411398542282313,0,40.000004933426794,0,0,0,40.000004933426794,40.000004933426794,0,1,0,0,0,1,80,1849712.4317308248,0,3.3411398542282313,3.3411398542282313,0,1,0,0,0,1
1196.4994532576889,0,53.144272599575956,0,0,0,53.144272599575956,53.144272599575956,3.341142858579758,0,40.000004543953224,0,0,0,40.000004543953224,40.000004543953224,0,1,0,0,0,1,80,1849712.413720474,0,3.341142858579758,3.341142858579758,0,1,0,0,0,1
1208.5853121236562,0,53.681107372659575,0,0,0,53.681107372659575,53.681107372659575,3.341145670055937,0,40.00000418214853,0,0,0,40.00000418214853,40.00000418214853,0,1,0,0,0,1,80,1849712.3969896103,0,3.341145670055937,3.341145670055937,0,1,0,0,0,1
1220.6711708196806,0,54.21794214535031,0,0,0,54.21794214535031,54.21794214535031,3.341148298364544,0,40.00000384634252,0,0,0,40.00000384634252,40.00000384634252,0,1,0,0,0,1,80,1849712.3814609987,0,3.341148298364544,3.341148298364544,0,1,0,0,0,1
1232.7570293563383,0,54.75477691767467,0,0,0,54.75477691767467,54.75477691767467,3.3411507529701794,0,40.00000353493854,0,0,0,40.00000353493854,40.00000353493854,0,1,0,0,0,1,80,1849712.367060805,0,3.3411507529701794,3.3411507529701794,0,1,0,0,0,1
1244.8428877437163,0,55.29161168965783,0,0,0,55.29161168965783,55.29161168965783,3.341153043076474,0,40.00000324641281,0,0,0,40.00000324641281,40.00000324641281,0,1,0,0,0,1,80,1849712.3537185658,0,3.341153043076474,3.341153043076474,0,1,0,0,0,1
1256.9287459914187,0,55.828446461323615,0,0,0,55.828446461323615,55.828446461323615,3.341155177611313,0,40.000002979312704,0,0,0,40.000002979312704,40.000002979312704,0,1,0,0,0,1,80,1849712.3413671076,0,3.341155177611313,3.341155177611313,0,1,0,0,0,1
1269.014604108575,0,56.365281232694585,0,0,0,56.365281232694585,56.365281232694585,3.3411571652143834,0,40.00000273225699,0,0,0,40.00000273225699,40.00000273225699,0,1,0,0,0,1,80,1849712.3299425582,0,3.3411571652143834,3.3411571652143834,0,1,0,0,0,1
1281.1004621038494,0,56.90211600379203,0,0,0,56.90211600379203,56.90211600379203,3.3411590142274576,0,40.0000025039329,0,0,0,40.0000025039329,40.0000025039329,0,1,0,0,0,1,80,1849712.319384212,0,3.3411590142274576,3.3411590142274576,0,1,0,0,0,1
1293.1863199854517,0,57.438950774636,0,0,0,57.438950774636,57.438950774636,3.341160732687058,0,40.000002293095285,0,0,0,40.000002293095285,40.000002293095285,0,1,0,0,0,1,80,1849712.3096344892,0,3.341160732687058,3.341160732687058,0,1,0,0,0,1
1305.2721777611498,0,57.97578554524536,0,0,0,57.97578554524536,57.97578554524536,3.3411623283191147,0,40.000002098564934,0,0,0,40.000002098564934,40.000002098564934,0,1,0,0,0,1,80,1849712.30063886,0,3.3411623283191147,3.3411623283191147,0,1,0,0,0,1
1317.358035438282,0,58.51262031563784,0,0,0,58.51262031563784,58.51262031563784,3.3411638085356685,0,40.00000191922654,0,0,0,40.00000191922654,40.00000191922654,0,1,0,0,0,1,80,1849712.2923457497,0,3.3411638085356685,3.3411638085356685,0,1,0,0,0,1
1329.4438930237714,0,59.049455085830054,0,0,0,59.049455085830054,59.049455085830054,3.341165180434018,0,40.00000175402683,0,0,0,40.00000175402683,40.00000175402683,0,1,0,0,0,1,80,1849712.284706452,0,3.341165180434018,3.341165180434018,0,1,0,0,0,1
1341.5297505241392,0,59.58628985583755,0,0,0,59.58628985583755,59.58628985583755,3.341166450796436,0,40.00000160197193,0,0,0,40.00000160197193,40.00000160197193,0,1,0,0,0,1,80,1849712.2776750068,0,3.341166450796436,3.341166450796436,0,1,0,0,0,1
1353.6156079455207,0,60.12312462567486,0,0,0,60.12312462567486,60.12312462567486,3.3411676260928402,0,40.00000146212649,0,0,0,40.00000146212649,40.00000146212649,0,1,0,0,0,1,80,1849712.2712081613,0,3.3411676260928402,3.3411676260928402,0,1,0,0,0,1
1365.7014652936796,0,60.659959395355564,0,0,0,60.659959395355564,60.659959395355564,3.3411687124835225,0,40.00000133361033,0,0,0,40.00000133361033,40.00000133361033,0,1,0,0,0,1,80,1849712.2652652133,0,3.3411687124835225,3.3411687124835225,0,1,0,0,0,1
1377.787322574024,0,61.19679416489231,0,0,0,61.19679416489231,61.19679416489231,3.3411697158242077,0,40.00000121559643,0,0,0,40.00000121559643,40.00000121559643,0,1,0,0,0,1,80,1849712.2598079196,0,3.3411697158242077,3.3411697158242077,0,1,0,0,0,1
1389.8731797916214,0,61.73362893429687,0,0,0,61.73362893429687,61.73362893429687,3.34117064167134,0,40.000001107309316,0,0,0,40.000001107309316,40.000001107309316,0,1,0,0,0,1,80,1849712.2548004198,0,3.34117064167134,3.34117064167134,0,1,0,0,0,1
1401.9590369512139,0,62.27046370358016,0,0,0,62.27046370358016,62.27046370358016,3.3411714952890748,0,40.00000100802229,0,0,0,40.00000100802229,40.00000100802229,0,1,0,0,0,1,80,1849712.2502091092,0,3.3411714952890748,3.3411714952890748,0,1,0,0,0,1
1414.0448940572344,0,62.80729847275234,0,0,0,62.80729847275234,62.80729847275234,3.3411722816565543,0,40.0000009170549,0,0,0,40.0000009170549,40.0000009170549,0,1,0,0,0,1,80,1849712.2460025218,0,3.3411722816565543,3.3411722816565543,0,1,0,0,0,1
1426.1307511138214,0,63.344133241822824,0,0,0,63.344133241822824,63.344133241822824,3.3411730054758664,0,40.000000833771686,0,0,0,40.000000833771686,40.000000833771686,0,1,0,0,0,1,80,1849712.2421512725,0,3.3411730054758664,3.3411730054758664,0,1,0,0,0,1
1438.2166081248336,0,63.880968010800295,0,0,0,63.880968010800295,63.880968010800295,3.341173671181025,0,40.00000075757911,0,0,0,40.00000075757911,40.00000075757911,0,1,0,0,0,1,80,1849712.238627914,0,3.341173671181025,3.341173671181025,0,1,0,0,0,1
1450.3024650938655,0,64.41780277969282,0,0,0,64.41780277969282,64.41780277969282,3.3411742829470654,0,40.00000068792388,0,0,0,40.00000068792388,40.00000068792388,0,1,0,0,0,1,80,1849712.235406861,0,3.3411742829470654,3.3411742829470654,0,1,0,0,0,1
1462.388322024261,0,64.9546375485078,0,0,0,64.9546375485078,64.9546375485078,3.3411748446994807,0,40.00000062428997,0,0,0,40.00000062428997,40.00000062428997,0,1,0,0,0,1,80,1849712.2324642502,0,3.3411748446994807,3.3411748446994807,0,1,0,0,0,1
1474.4741789191278,0,65.4914723172521,0,0,0,65.4914723172521,65.4914723172521,3.341175360123941,0,40.00000056619858,0,0,0,40.00000056619858,40.00000056619858,0,1,0,0,0,1,80,1849712.2297779415,0,3.341175360123941,3.341175360123941,0,1,0,0,0,1
1486.5600357813507,0,66.02830708593203,0,0,0,66.02830708593203,66.02830708593203,3.3411758326762993,0,40.000000513203446,0,0,0,40.000000513203446,40.000000513203446,0,1,0,0,0,1,80,1849712.227327298,0,3.3411758326762993,3.3411758326762993,0,1,0,0,0,1
1498.6458926136052,0,66.56514185455337,0,0,0,66.56514185455337,66.56514185455337,3.3411762655927078,0,40.00000046489078,0,0,0,40.00000046489078,40.00000046489078,0,1,0,0,0,1,80,1849712.2250931847,0,3.3411762655927078,3.3411762655927078,0,1,0,0,0,1
1510.7317494183692,0,67.10197662312146,0,0,0,67.10197662312146,67.10197662312146,3.3411766618993965,0,40.000000420876844,0,0,0,40.000000420876844,40.000000420876844,0,1,0,0,0,1,80,1849712.2230578568,0,3.3411766618993965,3.3411766618993965,0,1,0,0,0,1
1522.8176061979361,0,67.63881139164117,0,0,0,67.63881139164117,67.63881139164117,3.3411770244230183,0,40.00000038080669,0,0,0,40.00000038080669,40.00000038080669,0,1,0,0,0,1,80,1849712.2212049006,0,3.3411770244230183,3.3411770244230183,0,1,0,0,0,1
1534.9034629544262,0,68.17564616011698,0,0,0,68.17564616011698,68.17564616011698,3.341177355800312,0,40.00000034435078,0,0,0,40.00000034435078,40.00000034435078,0,1,0,0,0,1,80,1849712.2195190769,0,3.341177355800312,3.341177355800312,0,1,0,0,0,1
1546.9893196897979,0,68.71248092855302,0,0,0,68.71248092855302,68.71248092855302,3.3411776584881068,0,40.00000031120492,0,0,0,40.00000031120492,40.00000031120492,0,1,0,0,0,1,80,1849712.2179863194,0,3.3411776584881068,3.3411776584881068,0,1,0,0,0,1
1559.0751764058575,0,69.24931569695302,0,0,0,69.24931569695302,69.24931569695302,3.3411779347725883,0,40.00000028108841,0,0,0,40.00000028108841,40.00000028108841,0,1,0,0,0,1,80,1849712.2165936476,0,3.3411779347725883,3.3411779347725883,0,1,0,0,0,1
1571.1610331042707,0,69.78615046532039,0,0,0,69.78615046532039,69.78615046532039,3.3411781867790182,0,40.00000025374209,0,0,0,40.00000025374209,40.00000025374209,0,1,0,0,0,1,80,1849712.2153290769,0,3.3411781867790182,3.3411781867790182,0,1,0,0,0,1
1583.2468897865713,0,70.32298523365829,0,0,0,70.32298523365829,70.32298523365829,3.341178416480602,0,40.00000022892691,0,0,0,40.00000022892691,40.00000022892691,0,1,0,0,0,1,80,1849712.2141815533,0,3.341178416480602,3.341178416480602,0,1,0,0,0,1
1595.3327464541705,0,70.85982000196954,0,0,0,70.85982000196954,70.85982000196954,3.341178625707471,0,40.00000020642264,0,0,0,40.00000020642264,40.00000020642264,0,1,0,0,0,1,80,1849712.2131408928,0,3.341178625707471,3.341178625707471,0,1,0,0,0,1
1607.4186031083657,0,71.39665477025675,0,0,0,71.39665477025675,71.39665477025675,3.341178816155093,0,40.00000018602727,0,0,0,40.00000018602727,40.00000018602727,0,1,0,0,0,1,80,1849712.2121977538,0,3.341178816155093,3.341178816155093,0,1,0,0,0,1
1619.5044597503481,0,71.93348953852227,0,0,0,71.93348953852227,71.93348953852227,3.341178989392688,0,40.000000167554006,0,0,0,40.000000167554006,40.000000167554006,0,1,0,0,0,1,80,1849712.211343498,0,3.341178989392688,3.341178989392688,0,1,0,0,0,1
1631.5903163812116,0,72.47032430676826,0,0,0,72.47032430676826,72.47032430676826,3.3411791468709,0,40.00000015083242,0,0,0,40.00000015083242,40.00000015083242,0,1,0,0,0,1,80,1849712.210570245,0,3.3411791468709,3.3411791468709,0,1,0,0,0,1
1643.6761730019582,0,73.00715907499665,0,0,0,73.00715907499665,73.00715907499665,3.341179289929528,0,40.000000135705314,0,0,0,40.000000135705314,40.000000135705314,0,1,0,0,0,1,80,1849712.2098707252,0,3.341179289929528,3.341179289929528,0,1,0,0,0,1
1655.7620296135067,0,73.54399384320922,0,0,0,73.54399384320922,73.54399384320922,3.3411794198048597,0,40.00000012202885,0,0,0,40.00000012202885,40.00000012202885,0,1,0,0,0,1,80,1849712.209238287,0,3.3411794198048597,3.3411794198048597,0,1,0,0,0,1
1667.8478862166976,0,74.08082861140757,0,0,0,74.08082861140757,74.08082861140757,3.3411795376363216,0,40.00000010967127,0,0,0,40.00000010967127,40.00000010967127,0,1,0,0,0,1,80,1849712.208666838,0,3.3411795376363216,3.3411795376363216,0,1,0,0,0,1
1679.9337428123,0,74.61766337959314,0,0,0,74.61766337959314,74.61766337959314,3.341179644473243,0,40.0000000985121,0,0,0,40.0000000985121,40.0000000985121,0,1,0,0,0,1,80,1849712.2081508068,0,3.341179644473243,3.341179644473243,0,1,0,0,0,1
1692.0195994010162,0,75.15449814776724,0,0,0,75.15449814776724,75.15449814776724,3.3411797412808824,0,40.00000008844097,0,0,0,40.00000008844097,40.00000008844097,0,1,0,0,0,1,80,1849712.2076850894,0,3.3411797412808824,3.3411797412808824,0,1,0,0,0,1
1704.1054559834881,0,75.69133291593106,0,0,0,75.69133291593106,75.69133291593106,3.341179828946565,0,40.00000007935683,0,0,0,40.00000007935683,40.00000007935683,0,1,0,0,0,1,80,1849712.2072650134,0,3.341179828946565,3.341179828946565,0,1,0,0,0,1
1716.1913125603014,0,76.22816768408568,0,0,0,76.22816768408568,76.22816768408568,3.3411799082851417,0,40.0000000711676,0,0,0,40.0000000711676,40.0000000711676,0,1,0,0,0,1,80,1849712.2068863204,0,3.3411799082851417,3.3411799082851417,0,1,0,0,0,1
1728.2771691319897,0,76.76500245223204,0,0,0,76.76500245223204,76.76500245223204,3.341179980044217,0,40.00000006378949,0,0,0,40.00000006378949,40.00000006378949,0,1,0,0,0,1,80,1849712.206545136,0,3.341179980044217,3.341179980044217,0,1,0,0,0,1
1740.3630256990393,0,77.30183722037103,0,0,0,77.30183722037103,77.30183722037103,3.341180044909038,0,40.0000000571461,0,0,0,40.0000000571461,40.0000000571461,0,1,0,0,0,1,80,1849712.206237927,0,3.341180044909038,3.341180044909038,0,1,0,0,0,1
1752.448882261893,0,77.8386719885034,0,0,0,77.8386719885034,77.8386719885034,3.3411801035073836,0,40.0000000511673,0,0,0,40.0000000511673,40.0000000511673,0,1,0,0,0,1,80,1849712.2059614502,0,3.3411801035073836,3.3411801035073836,0,1,0,0,0,1
1764.5347388209539,0,78.37550675662992,0,0,0,78.37550675662992,78.37550675662992,3.3411801564136567,0,40.00000004578972,0,0,0,40.00000004578972,40.00000004578972,0,1,0,0,0,1,80,1849712.205712776,0,3.3411801564136567,3.3411801564136567,0,1,0,0,0,1
1776.6205953765877,0,78.91234152475116,0,0,0,78.91234152475116,78.91234152475116,3.3411802041530905,0,40.000000040955314,0,0,0,40.000000040955314,40.000000040955314,0,1,0,0,0,1,80,1849712.2054892196,0,3.3411802041530905,3.3411802041530905,0,1,0,0,0,1
1788.7064519291275,0,79.44917629286769,0,0,0,79.44917629286769,79.44917629286769,3.341180247205557,0,40.000000036611716,0,0,0,40.000000036611716,40.000000036611716,0,1,0,0,0,1,80,1849712.2052883592,0,3.341180247205557,3.341180247205557,0,1,0,0,0,1
1800.7923084788754,0,79.98601106098006,0,0,0,79.98601106098006,79.98601106098006,3.341180286009262,0,40.0000000327114,0,0,0,40.0000000327114,40.0000000327114,0,1,0,0,0,1,80,1849712.2051079979,0,3.341180286009262,3.341180286009262,0,1,0,0,0,1
1812.8781650261053,0,80.52284582908871,0,0,0,80.52284582908871,80.52284582908871,3.3411803209637583,0,40.00000002921082,0,0,0,40.00000002921082,40.00000002921082,0,1,0,0,0,1,80,1849712.204946121,0,3.3411803209637583,3.3411803209637583,0,1,0,0,0,1
1824.9640215710656,0,81.05968059719405,0,0,0,81.05968059719405,81.05968059719405,3.341180352433298,0,40.000000026071035,0,0,0,40.000000026071035,40.000000026071035,0,1,0,0,0,1,80,1849712.2048009287,0,3.341180352433298,3.341180352433298,0,1,0,0,0,1
1837.0498781139813,0,81.59651536529643,0,0,0,81.59651536529643,81.59651536529643,3.3411803807496767,0,40.00000002325575,0,0,0,40.00000002325575,40.00000002325575,0,1,0,0,0,1,80,1849712.2046707422,0,3.3411803807496767,3.3411803807496767,0,1,0,0,0,1
1849.1357346550565,0,82.13335013339619,0,0,0,82.13335013339619,82.13335013339619,3.3411804062148462,0,40.000000020733175,0,0,0,40.000000020733175,40.000000020733175,0,1,0,0,0,1,80,1849712.204554091,0,3.3411804062148462,3.3411804062148462,0,1,0,0,0,1
1861.2215911944752,0,82.67018490149363,0,0,0,82.67018490149363,82.67018490149363,3.341180429103474,0,40.000000018474005,0,0,0,40.000000018474005,40.000000018474005,0,1,0,0,0,1,80,1849712.2044496208,0,3.341180429103474,3.341180429103474,0,1,0,0,0,1
1873.3074477324044,0,83.207019669589,0,0,0,83.207019669589,83.207019669589,3.341180449665103,0,40.00000001645222,0,0,0,40.00000001645222,40.00000001645222,0,1,0,0,0,1,80,1849712.2043561277,0,3.341180449665103,3.341180449665103,0,1,0,0,0,1
1885.3933042689948,0,83.74385443768254,0,0,0,83.74385443768254,83.74385443768254,3.3411804681263675,0,40.00000001464303,0,0,0,40.00000001464303,40.00000001464303,0,1,0,0,0,1,80,1849712.2042724655,0,3.3411804681263675,3.3411804681263675,0,1,0,0,0,1
1897.4791608043824,0,84.28068920577446,0,0,0,84.28068920577446,84.28068920577446,3.341180484692984,0,40.00000001302544,0,0,0,40.00000001302544,40.00000001302544,0,1,0,0,0,1,80,1849712.2041976638,0,3.341180484692984,3.341180484692984,0,1,0,0,0,1
1909.5650173386903,0,84.81752397386495,0,0,0,84.81752397386495,84.81752397386495,3.3411804995516263,0,40.000000011579935,0,0,0,40.000000011579935,40.000000011579935,0,1,0,0,0,1,80,1849712.2041308195,0,3.3411804995516263,3.3411804995516263,0,1,0,0,0,1
1921.650873872029,0,85.35435874195417,0,0,0,85.35435874195417,85.35435874195417,3.3411805128711762,0,40.000000010288694,0,0,0,40.000000010288694,40.000000010288694,0,1,0,0,0,1,80,1849712.2040711092,0,3.3411805128711762,3.3411805128711762,0,1,0,0,0,1
1933.7367304044988,0,85.89119351004227,0,0,0,85.89119351004227,85.89119351004227,3.3411805248048836,0,40.00000000913611,0,0,0,40.00000000913611,40.00000000913611,0,1,0,0,0,1,80,1849712.20401781,0,3.3411805248048836,3.3411805248048836,0,1,0,0,0,1
1945.8225869361893,0,86.42802827812937,0,0,0,86.42802827812937,86.42802827812937,3.341180535491276,0,40.00000000810757,0,0,0,40.00000000810757,40.00000000810757,0,1,0,0,0,1,80,1849712.2039702476,0,3.341180535491276,3.341180535491276,0,1,0,0,0,1
1957.9084434671818,0,86.96486304621561,0,0,0,86.96486304621561,86.96486304621561,3.3411805450557495,0,40.00000000719046,0,0,0,40.00000000719046,40.00000000719046,0,1,0,0,0,1,80,1849712.2039278378,0,3.3411805450557495,3.3411805450557495,0,1,0,0,0,1
1969.9942999975492,0,87.50169781430108,0,0,0,87.50169781430108,87.50169781430108,3.3411805536116503,0,40.00000000637292,0,0,0,40.00000000637292,40.00000000637292,0,1,0,0,0,1,80,1849712.2038900328,0,3.3411805536116503,3.3411805536116503,0,1,0,0,0,1
1982.080156527357,0,88.03853258238586,0,0,0,88.03853258238586,88.03853258238586,3.3411805612612966,0,40.0000000056445,0,0,0,40.0000000056445,40.0000000056445,0,1,0,0,0,1,80,1849712.2038563485,0,3.3411805612612966,3.3411805612612966,0,1,0,0,0,1
1994.1660130566645,0,88.57536735047003,0,0,0,88.57536735047003,88.57536735047003,3.3411805680971725,0,40.00000000499622,0,0,0,40.00000000499622,40.00000000499622,0,1,0,0,0,1,80,1849712.20382637,0,3.3411805680971725,3.3411805680971725,0,1,0,0,0,1
2006.2518695855244,0,89.11220211855368,0,0,0,89.11220211855368,89.11220211855368,3.3411805742026104,0,40.00000000441947,0,0,0,40.00000000441947,40.00000000441947,0,1,0,0,0,1,80,1849712.2037996994,0,3.3411805742026104,3.3411805742026104,0,1,0,0,0,1
2018.3377261139847,0,89.64903688663688,0,0,0,89.64903688663688,89.64903688663688,3.3411805796528142,0,40.000000003906436,0,0,0,40.000000003906436,40.000000003906436,0,1,0,0,0,1,80,1849712.2037759754,0,3.3411805796528142,3.3411805796528142,0,1,0,0,0,1
2030.4235826420877,0,90.18587165471966,0,0,0,90.18587165471966,90.18587165471966,3.3411805845155413,0,40.00000000345019,0,0,0,40.00000000345019,40.00000000345019,0,1,0,0,0,1,80,1849712.2037548774,0,3.3411805845155413,3.3411805845155413,0,1,0,0,0,1
2042.509439169872,0,90.72270642280209,0,0,0,90.72270642280209,90.72270642280209,3.3411805888518415,0,40.00000000304518,0,0,0,40.00000000304518,40.00000000304518,0,1,0,0,0,1,80,1849712.2037361485,0,3.3411805888518415,3.3411805888518415,0,1,0,0,0,1
2054.5952956973715,0,91.2595411908842,0,0,0,91.2595411908842,91.2595411908842,3.3411805927166824,0,40.000000002685454,0,0,0,40.000000002685454,40.000000002685454,0,1,0,0,0,1,80,1849712.203719514,0,3.3411805927166824,3.3411805927166824,0,1,0,0,0,1
2066.6811522246176,0,91.79637595896605,0,0,0,91.79637595896605,91.79637595896605,3.341180596159461,0,40.00000000236638,0,0,0,40.00000000236638,40.00000000236638,0,1,0,0,0,1,80,1849712.2037047588,0,3.341180596159461,3.341180596159461,0,1,0,0,0,1
2078.7670087516376,0,92.33321072704766,0,0,0,92.33321072704766,92.33321072704766,3.341180599224572,0,40.000000002083326,0,0,0,40.000000002083326,40.000000002083326,0,1,0,0,0,1,80,1849712.20369167,0,3.341180599224572,3.341180599224572,0,1,0,0,0,1
2090.852865278456,0,92.87004549512905,0,0,0,92.87004549512905,92.87004549512905,3.3411806019520327,0,40.00000000183271,0,0,0,40.00000000183271,40.00000000183271,0,1,0,0,0,1,80,1849712.2036800804,0,3.3411806019520327,3.3411806019520327,0,1,0,0,0,1
2102.938721805095,0,93.40688026321025,0,0,0,93.40688026321025,93.40688026321025,3.341180604377655,0,40.000000001610765,0,0,0,40.000000001610765,40.000000001610765,0,1,0,0,0,1,80,1849712.2036698174,0,3.341180604377655,3.341180604377655,0,1,0,0,0,1
2115.0245783315745,0,93.9437150312913,0,0,0,93.9437150312913,93.9437150312913,3.341180606533669,0,40.00000000141426,0,0,0,40.00000000141426,40.00000000141426,0,1,0,0,0,1,80,1849712.2036607303,0,3.341180606533669,3.341180606533669,0,1,0,0,0,1
2127.110434857912,0,94.48054979937221,0,0,0,94.48054979937221,94.48054979937221,3.3411806084489513,0,40.00000000124028,0,0,0,40.00000000124028,40.00000000124028,0,1,0,0,0,1,80,1849712.2036526848,0,3.3411806084489513,3.3411806084489513,0,1,0,0,0,1
2139.1962913841235,0,95.017384567453,0,0,0,95.017384567453,95.017384567453,3.341180610149422,0,40.000000001086725,0,0,0,40.000000001086725,40.000000001086725,0,1,0,0,0,1,80,1849712.203645584,0,3.341180610149422,3.341180610149422,0,1,0,0,0,1
2151.2821479102226,0,95.55421933553369,0,0,0,95.55421933553369,95.55421933553369,3.341180611658274,0,40.000000000951026,0,0,0,40.000000000951026,40.000000000951026,0,1,0,0,0,1,80,1849712.203639309,0,3.341180611658274,3.341180611658274,0,1,0,0,0,1
2163.3680044362222,0,96.09105410361427,0,0,0,96.09105410361427,96.09105410361427,3.341180612996311,0,40.000000000831356,0,0,0,40.000000000831356,40.000000000831356,0,1,0,0,0,1,80,1849712.203633775,0,3.341180612996311,3.341180612996311,0,1,0,0,0,1
2175.4538609621336,0,96.62788887169478,0,0,0,96.62788887169478,96.62788887169478,3.3411806141821216,0,40.000000000725514,0,0,0,40.000000000725514,40.000000000725514,0,1,0,0,0,1,80,1849712.2036288807,0,3.3411806141821216,3.3411806141821216,0,1,0,0,0,1
2187.5397174879668,0,97.16472363977523,0,0,0,97.16472363977523,97.16472363977523,3.3411806152324175,0,40.000000000632674,0,0,0,40.000000000632674,40.000000000632674,0,1,0,0,0,1,80,1849712.2036245875,0,3.3411806152324175,3.3411806152324175,0,1,0,0,0,1
2199.6255740137303,0,97.70155840785561,0,0,0,97.70155840785561,97.70155840785561,3.3411806161620348,0,40.000000000550465,0,0,0,40.000000000550465,40.000000000550465,0,1,0,0,0,1,80,1849712.2036207858,0,3.3411806161620348,3.3411806161620348,0,1,0,0,0,1
2211.7114305394325,0,98.23839317593595,0,0,0,98.23839317593595,98.23839317593595,3.3411806169843317,0,40.000000000478614,0,0,0,40.000000000478614,40.000000000478614,0,1,0,0,0,1,80,1849712.2036174634,0,3.3411806169843317,3.3411806169843317,0,1,0,0,0,1
2223.79728706508,0,98.77522794401624,0,0,0,98.77522794401624,98.77522794401624,3.3411806177111885,0,40.00000000041521,0,0,0,40.00000000041521,40.00000000041521,0,1,0,0,0,1,80,1849712.2036145313,0,3.3411806177111885,3.3411806177111885,0,1,0,0,0,1
2235.8831435906795,0,99.31206271209649,0,0,0,99.31206271209649,99.31206271209649,3.341180618353235,0,40.00000000035956,0,0,0,40.00000000035956,40.00000000035956,0,1,0,0,0,1,80,1849712.203611958,0,3.341180618353235,3.341180618353235,0,1,0,0,0,1
2247.969000116236,0,99.8488974801767,0,0,0,99.8488974801767,99.8488974801767,3.3411806189200206,0,40.00000000031067,0,0,0,40.00000000031067,40.00000000031067,0,1,0,0,0,1,80,1849712.203609697,0,3.3411806189200206,3.3411806189200206,0,1,0,0,0,1
2260.054856641755,0,100.38573224825689,0,0,0,100.38573224825689,100.38573224825689,3.341180619419845,0,40.00000000026798,0,0,0,40.00000000026798,40.00000000026798,0,1,0,0,0,1,80,1849712.2036077231,0,3.341180619419845,3.341180619419845,0,1,0,0,0,1
2272.140713167241,0,100.92256701633704,0,0,0,100.92256701633704,100.92256701633704,3.341180619860438,0,40.00000000023045,0,0,0,40.00000000023045,40.00000000023045,0,1,0,0,0,1,80,1849712.2036059876,0,3.341180619860438,3.341180619860438,0,1,0,0,0,1
2284.2265696926975,0,101.45940178441718,0,0,0,101.45940178441718,101.45940178441718,3.3411806202483945,0,40.00000000019784,0,0,0,40.00000000019784,40.00000000019784,0,1,0,0,0,1,80,1849712.2036044798,0,3.3411806202483945,3.3411806202483945,0,1,0,0,0,1
2296.312426218128,0,101.99623655249731,0,0,0,101.99623655249731,101.99623655249731,3.341180620589739,0,40.00000000016922,0,0,0,40.00000000016922,40.00000000016922,0,1,0,0,0,1,80,1849712.2036031561,0,3.341180620589739,3.341180620589739,0,1,0,0,0,1
2308.398282743536,0,102.53307132057742,0,0,0,102.53307132057742,102.53307132057742,3.3411806208898724,0,40.000000000144446,0,0,0,40.000000000144446,40.000000000144446,0,1,0,0,0,1,80,1849712.2036020106,0,3.3411806208898724,3.3411806208898724,0,1,0,0,0,1
2320.484139268924,0,103.06990608865752,0,0,0,103.06990608865752,103.06990608865752,3.3411806211534554,0,40.0000000001227,0,0,0,40.0000000001227,40.0000000001227,0,1,0,0,0,1,80,1849712.2036010048,0,3.3411806211534554,3.3411806211534554,0,1,0,0,0,1
2332.5699957942943,0,103.6067408567376,0,0,0,103.6067408567376,103.6067408567376,3.3411806213846944,0,40.0000000001039,0,0,0,40.0000000001039,40.0000000001039,0,1,0,0,0,1,80,1849712.2036001359,0,3.3411806213846944,3.3411806213846944,0,1,0,0,0,1
2344.655852319649,0,104.14357562481769,0,0,0,104.14357562481769,104.14357562481769,3.341180621587398,0,40.00000000008746,0,0,0,40.00000000008746,40.00000000008746,0,1,0,0,0,1,80,1849712.2035993754,0,3.341180621587398,3.341180621587398,0,1,0,0,0,1
2356.74170884499,0,104.68041039289776,0,0,0,104.68041039289776,104.68041039289776,3.341180621764863,0,40.000000000073186,0,0,0,40.000000000073186,40.000000000073186,0,1,0,0,0,1,80,1849712.2035987151,0,3.341180621764863,3.341180621764863,0,1,0,0,0,1
2368.8275653703195,0,105.21724516097782,0,0,0,105.21724516097782,105.21724516097782,3.3411806219201026,0,40.00000000006099,0,0,0,40.00000000006099,40.00000000006099,0,1,0,0,0,1,80,1849712.2035981512,0,3.3411806219201026,3.3411806219201026,0,1,0,0,0,1
2380.9134218956383,0,105.7540799290579,0,0,0,105.7540799290579,105.7540799290579,3.341180622055674,0,40.00000000005032,0,0,0,40.00000000005032,40.00000000005032,0,1,0,0,0,1,80,1849712.203597658,0,3.341180622055674,3.341180622055674,0,1,0,0,0,1
2392.999278420948,0,106.29091469713796,0,0,0,106.29091469713796,106.29091469713796,3.3411806221739653,0,40.00000000004141,0,0,0,40.00000000004141,40.00000000004141,0,1,0,0,0,1,80,1849712.2035972457,0,3.3411806221739653,3.3411806221739653,0,1,0,0,0,1
2405.0851349462496,0,106.82774946521802,0,0,0,106.82774946521802,106.82774946521802,3.3411806222769656,0,40.000000000033566,0,0,0,40.000000000033566,40.000000000033566,0,1,0,0,0,1,80,1849712.203596883,0,3.3411806222769656,3.3411806222769656,0,1,0,0,0,1
2417.1709914715443,0,107.36458423329807,0,0,0,107.36458423329807,107.36458423329807,3.341180622366551,0,40.00000000002671,0,0,0,40.00000000002671,40.00000000002671,0,1,0,0,0,1,80,1849712.203596566,0,3.341180622366551,3.341180622366551,0,1,0,0,0,1
2429.2568479968327,0,107.90141900137817,0,0,0,107.90141900137817,107.90141900137817,3.3411806224443694,0,40.000000000024905,0,0,0,40.000000000024905,40.000000000024905,0,1,0,0,0,1,80,1849712.2035964828,0,3.3411806224443694,3.3411806224443694,0,1,0,0,0,1
2441.3427045221224,0,108.43825376945851,0,0,0,108.43825376945851,108.43825376945851,3.3411806225118426,0,40.00000000001588,0,0,0,40.00000000001588,40.00000000001588,0,1,0,0,0,1,80,1849712.2035960653,0,3.3411806225118426,3.3411806225118426,0,1,0,0,0,1
2453.428561047401,0,108.97508853753861,0,0,0,108.97508853753861,108.97508853753861,3.341180622570164,0,40.00000000001475,0,0,0,40.00000000001475,40.00000000001475,0,1,0,0,0,1,80,1849712.2035960131,0,3.341180622570164,3.341180622570164,0,1,0,0,0,1
2465.5144175726823,0,109.51192330561894,0,0,0,109.51192330561894,109.51192330561894,3.341180622620584,0,40.00000000000813,0,0,0,40.00000000000813,40.00000000000813,0,1,0,0,0,1,80,1849712.2035957067,0,3.341180622620584,3.341180622620584,0,1,0,0,0,1
2477.600274097954,0,110.04875807369898,0,0,0,110.04875807369898,110.04875807369898,3.3411806226640124,0,40.00000000000398,0,0,0,40.00000000000398,40.00000000000398,0,1,0,0,0,1,80,1849712.2035955149,0,3.3411806226640124,3.3411806226640124,0,1,0,0,0,1
2489.6861306232277,0,110.58559284177929,0,0,0,110.58559284177929,110.58559284177929,3.3411806227013585,0,40.00000000000462,0,0,0,40.00000000000462,40.00000000000462,0,1,0,0,0,1,80,1849712.2035955447,0,3.3411806227013585,3.3411806227013585,0,1,0,0,0,1
2501.7719871484996,0,111.12242760985961,0,0,0,111.12242760985961,111.12242760985961,3.3411806227333045,0,40.00000000000061,0,0,0,40.00000000000061,40.00000000000061,0,1,0,0,0,1,80,1849712.203595359,0,3.3411806227333045,3.3411806227333045,0,1,0,0,0,1
2513.857843673763,0,111.65926237793963,0,0,0,111.65926237793963,111.65926237793963,3.3411806227605894,0,39.99999999999723,0,0,0,39.99999999999723,39.99999999999723,0,1,0,0,0,1,80,1849712.2035952026,0,3.3411806227605894,3.3411806227605894,0,1,0,0,0,1
2525.94370019903,0,112.19609714601992,0,0,0,112.19609714601992,112.19609714601992,3.341180622783895,0,39.999999999998664,0,0,0,39.999999999998664,39.999999999998664,0,1,0,0,0,1,80,1849712.2035952692,0,3.341180622783895,3.341180622783895,0,1,0,0,0,1
2538.0295567242956,0,112.73293191410022,0,0,0,112.73293191410022,112.73293191410022,3.34118062280362,0,39.99999999999641,0,0,0,39.99999999999641,39.99999999999641,0,1,0,0,0,1,80,1849712.203595165,0,3.34118062280362,3.34118062280362,0,1,0,0,0,1
2550.1154132495544,0,113.26976668218026,0,0,0,113.26976668218026,113.26976668218026,3.341180622820275,0,39.99999999999422,0,0,0,39.99999999999422,39.99999999999422,0,1,0,0,0,1,80,1849712.2035950639,0,3.341180622820275,3.341180622820275,0,1,0,0,0,1
2562.2012697748164,0,113.80660145026053,0,0,0,113.80660145026053,113.80660145026053,3.3411806228342584,0,39.999999999996426,0,0,0,39.999999999996426,39.999999999996426,0,1,0,0,0,1,80,1849712.2035951656,0,3.3411806228342584,3.3411806228342584,0,1,0,0,0,1
2574.287126300078,0,114.34343621834086,0,0,0,114.34343621834086,114.34343621834086,3.341180622845968,0,39.99999999999757,0,0,0,39.99999999999757,39.99999999999757,0,1,0,0,0,1,80,1849712.2035952187,0,3.341180622845968,3.341180622845968,0,1,0,0,0,1
2586.3729828253386,0,114.88027098642118,0,0,0,114.88027098642118,114.88027098642118,3.3411806228556884,0,39.99999999999805,0,0,0,39.99999999999805,39.99999999999805,0,1,0,0,0,1,80,1849712.2035952408,0,3.3411806228556884,3.3411806228556884,0,1,0,0,0,1
2598.4588393505987,0,115.41710575450152,0,0,0,115.41710575450152,115.41710575450152,3.3411806228636465,0,39.99999999999812,0,0,0,39.99999999999812,39.99999999999812,0,1,0,0,0,1,80,1849712.2035952439,0,3.3411806228636465,3.3411806228636465,0,1,0,0,0,1
2610.5446958758585,0,115.95394052258187,0,0,0,115.95394052258187,115.95394052258187,3.3411806228701835,0,39.9999999999979,0,0,0,39.9999999999979,39.9999999999979,0,1,0,0,0,1,80,1849712.2035952336,0,3.3411806228701835,3.3411806228701835,0,1,0,0,0,1
2622.6305524011177,0,116.49077529066223,0,0,0,116.49077529066223,116.49077529066223,3.34118062287547,0,39.99999999999754,0,0,0,39.99999999999754,39.99999999999754,0,1,0,0,0,1,80,1849712.203595217,0,3.34118062287547,3.34118062287547,0,1,0,0,0,1
2634.716408926377,0,117.0276100587426,0,0,0,117.0276100587426,117.0276100587426,3.3411806228796195,0,39.99999999999727,0,0,0,39.99999999999727,39.99999999999727,0,1,0,0,0,1,80,1849712.2035952047,0,3.3411806228796195,3.3411806228796195,0,1,0,0,0,1
2646.802265451636,0,117.56444482682295,0,0,0,117.56444482682295,117.56444482682295,3.3411806228828596,0,39.99999999999698,0,0,0,39.99999999999698,39.99999999999698,0,1,0,0,0,1,80,1849712.2035951912,0,3.3411806228828596,3.3411806228828596,0,1,0,0,0,1
2658.888121976894,0,118.10127959490329,0,0,0,118.10127959490329,118.10127959490329,3.341180622885304,0,39.99999999999659,0,0,0,39.99999999999659,39.99999999999659,0,1,0,0,0,1,80,1849712.203595173,0,3.341180622885304,3.341180622885304,0,1,0,0,0,1
2670.9739785021525,0,118.63811436298359,0,0,0,118.63811436298359,118.63811436298359,3.341180622887066,0,39.99999999999338,0,0,0,39.99999999999338,39.99999999999338,0,1,0,0,0,1,80,1849712.2035950245,0,3.341180622887066,3.341180622887066,0,1,0,0,0,1
2683.059835027405,0,119.17494913106361,0,0,0,119.17494913106361,119.17494913106361,3.3411806228883165,0,39.9999999999915,0,0,0,39.9999999999915,39.9999999999915,0,1,0,0,0,1,80,1849712.2035949382,0,3.3411806228883165,3.3411806228883165,0,1,0,0,0,1
2695.1456915526614,0,119.71178389914385,0,0,0,119.71178389914385,119.71178389914385,3.3411806228891123,0,39.99999999999408,0,0,0,39.99999999999408,39.99999999999408,0,1,0,0,0,1,80,1849712.2035950571,0,3.3411806228891123,3.3411806228891123,0,1,0,0,0,1
2707.2315480779184,0,120.24861866722415,0,0,0,120.24861866722415,120.24861866722415,3.3411806228894534,0,39.999999999996085,0,0,0,39.999999999996085,39.999999999996085,0,1,0,0,0,1,80,1849712.2035951498,0,3.3411806228894534,3.3411806228894534,0,1,0,0,0,1
2719.317404603175,0,120.78545343530443,0,0,0,120.78545343530443,120.78545343530443,3.3411806228895102,0,39.9999999999973,0,0,0,39.9999999999973,39.9999999999973,0,1,0,0,0,1,80,1849712.2035952061,0,3.3411806228895102,3.3411806228895102,0,1,0,0,0,1
2731.403261128432,0,121.32228820338476,0,0,0,121.32228820338476,121.32228820338476,3.3411806228893397,0,39.999999999998295,0,0,0,39.999999999998295,39.999999999998295,0,1,0,0,0,1,80,1849712.203595252,0,3.3411806228893397,3.3411806228893397,0,1,0,0,0,1
2743.489117653689,0,121.85912297146508,0,0,0,121.85912297146508,121.85912297146508,3.341180622888942,0,39.999999999999005,0,0,0,39.999999999999005,39.999999999999005,0,1,0,0,0,1,80,1849712.2035952848,0,3.341180622888942,3.341180622888942,0,1,0,0,0,1
2755.574974178946,0,122.39595773954541,0,0,0,122.39595773954541,122.39595773954541,3.3411806228883165,0,39.99999999999956,0,0,0,39.99999999999956,39.99999999999956,0,1,0,0,0,1,80,1849712.2035953104,0,3.3411806228883165,3.3411806228883165,0,1,0,0,0,1
2767.660830704203,0,122.93279250762575,0,0,0,122.93279250762575,122.93279250762575,3.3411806228876344,0,39.99999999999992,0,0,0,39.99999999999992,39.99999999999992,0,1,0,0,0,1,80,1849712.2035953272,0,3.3411806228876344,3.3411806228876344,0,1,0,0,0,1
2779.74668722946,0,123.46962727570609,0,0,0,123.46962727570609,123.46962727570609,3.3411806228868386,0,40.00000000000024,0,0,0,40.00000000000024,40.00000000000024,0,1,0,0,0,1,80,1849712.203595342,0,3.3411806228868386,3.3411806228868386,0,1,0,0,0,1
2791.832543754717,0,124.00646204378643,0,0,0,124.00646204378643,124.00646204378643,3.341180622885986,0,40.000000000000576,0,0,0,40.000000000000576,40.000000000000576,0,1,0,0,0,1,80,1849712.2035953575,0,3.341180622885986,3.341180622885986,0,1,0,0,0,1
2803.918400279974,0,124.54329681186677,0,0,0,124.54329681186677,124.54329681186677,3.3411806228850196,0,40.00000000000073,0,0,0,40.00000000000073,40.00000000000073,0,1,0,0,0,1,80,1849712.2035953647,0,3.3411806228850196,3.3411806228850196,0,1,0,0,0,1
2816.004256805231,0,125.08013157994709,0,0,0,125.08013157994709,125.08013157994709,3.3411806228840533,0,40.000000000001016,0,0,0,40.000000000001016,40.000000000001016,0,1,0,0,0,1,80,1849712.203595378,0,3.3411806228840533,3.3411806228840533,0,1,0,0,0,1
2828.090113330488,0,125.61696634802742,0,0,0,125.61696634802742,125.61696634802742,3.34118062288303,0,40.00000000000111,0,0,0,40.00000000000111,40.00000000000111,0,1,0,0,0,1,80,1849712.2035953822,0,3.34118062288303,3.34118062288303,0,1,0,0,0,1
2840.175969855745,0,126.15380111610774,0,0,0,126.15380111610774,126.15380111610774,3.341180622882007,0,40.00000000000136,0,0,0,40.00000000000136,40.00000000000136,0,1,0,0,0,1,80,1849712.2035953936,0,3.341180622882007,3.341180622882007,0,1,0,0,0,1
2852.261826381002,0,126.69063588418807,0,0,0,126.69063588418807,126.69063588418807,3.3411806228809837,0,40.00000000000142,0,0,0,40.00000000000142,40.00000000000142,0,1,0,0,0,1,80,1849712.2035953966,0,3.3411806228809837,3.3411806228809837,0,1,0,0,0,1
2864.347682906259,0,127.2274706522684,0,0,0,127.2274706522684,127.2274706522684,3.3411806228800174,0,40.0000000000016,0,0,0,40.0000000000016,40.0000000000016,0,1,0,0,0,1,80,1849712.203595405,0,3.3411806228800174,3.3411806228800174,0,1,0,0,0,1
2876.4335394315162,0,127.76430542034873,0,0,0,127.76430542034873,127.76430542034873,3.341180622879051,0,40.000000000001826,0,0,0,40.000000000001826,40.000000000001826,0,1,0,0,0,1,80,1849712.2035954155,0,3.341180622879051,3.341180622879051,0,1,0,0,0,1
2888.5193959567737,0,128.30114018842906,0,0,0,128.30114018842906,128.30114018842906,3.3411806228780847,0,40.000000000001855,0,0,0,40.000000000001855,40.000000000001855,0,1,0,0,0,1,80,1849712.2035954166,0,3.3411806228780847,3.3411806228780847,0,1,0,0,0,1
2900.605252482031,0,128.83797495650938,0,0,0,128.83797495650938,128.83797495650938,3.341180622877232,0,40.00000000000203,0,0,0,40.00000000000203,40.00000000000203,0,1,0,0,0,1,80,1849712.203595425,0,3.341180622877232,3.341180622877232,0,1,0,0,0,1
2912.6911090072886,0,129.3748097245897,0,0,0,129.3748097245897,129.3748097245897,3.3411806228763226,0,40.00000000000216,0,0,0,40.00000000000216,40.00000000000216,0,1,0,0,0,1,80,1849712.2035954308,0,3.3411806228763226,3.3411806228763226,0,1,0,0,0,1
2924.776965532546,0,129.91164449267004,0,0,0,129.91164449267004,129.91164449267004,3.3411806228755268,0,40.000000000002295,0,0,0,40.000000000002295,40.000000000002295,0,1,0,0,0,1,80,1849712.203595437,0,3.3411806228755268,3.3411806228755268,0,1,0,0,0,1
2936.8628220578034,0,130.44847926075036,0,0,0,130.44847926075036,130.44847926075036,3.341180622874731,0,40.000000000002416,0,0,0,40.000000000002416,40.000000000002416,0,1,0,0,0,1,80,1849712.2035954427,0,3.341180622874731,3.341180622874731,0,1,0,0,0,1
2948.948678583061,0,130.9853140288307,0,0,0,130.9853140288307,130.9853140288307,3.341180622873935,0,40.000000000002586,0,0,0,40.000000000002586,40.000000000002586,0,1,0,0,0,1,80,1849712.2035954504,0,3.341180622873935,3.341180622873935,0,1,0,0,0,1
2961.0345351083183,0,131.522148796911,0,0,0,131.522148796911,131.522148796911,3.341180622873196,0,40.00000000000269,0,0,0,40.00000000000269,40.00000000000269,0,1,0,0,0,1,80,1849712.2035954553,0,3.341180622873196,3.341180622873196,0,1,0,0,0,1
2973.1203916335758,0,132.05898356499134,0,0,0,132.05898356499134,132.05898356499134,3.341180622872514,0,40.00000000000282,0,0,0,40.00000000000282,40.00000000000282,0,1,0,0,0,1,80,1849712.2035954613,0,3.341180622872514,3.341180622872514,0,1,0,0,0,1
2985.206248158833,0,132.59581833307166,0,0,0,132.59581833307166,132.59581833307166,3.341180622871832,0,40.00000000000293,0,0,0,40.00000000000293,40.00000000000293,0,1,0,0,0,1,80,1849712.2035954664,0,3.341180622871832,3.341180622871832,0,1,0,0,0,1
2997.2921046840906,0,133.132653101152,0,0,0,133.132653101152,133.132653101152,3.3411806228712067,0,40.00000000000302,0,0,0,40.00000000000302,40.00000000000302,0,1,0,0,0,1,80,1849712.2035954706,0,3.3411806228712067,3.3411806228712067,0,1,0,0,0,1
3009.3779612093485,0,133.66948786923234,0,0,0,133.66948786923234,133.66948786923234,3.341180622870695,0,40.000000000003105,0,0,0,40.000000000003105,40.000000000003105,0,1,0,0,0,1,80,1849712.2035954746,0,3.341180622870695,3.341180622870695,0,1,0,0,0,1
3021.4638177346064,0,134.2063226373127,0,0,0,134.2063226373127,134.2063226373127,3.3411806228701266,0,40.00000000000315,0,0,0,40.00000000000315,40.00000000000315,0,1,0,0,0,1,80,1849712.2035954765,0,3.3411806228701266,3.3411806228701266,0,1,0,0,0,1
3033.5496742598643,0,134.74315740539302,0,0,0,134.74315740539302,134.74315740539302,3.341180622869615,0,40.00000000000324,0,0,0,40.00000000000324,40.00000000000324,0,1,0,0,0,1,80,1849712.2035954806,0,3.341180622869615,3.341180622869615,0,1,0,0,0,1
3045.6355307851222,0,135.27999217347335,0,0,0,135.27999217347335,135.27999217347335,3.3411806228691034,0,40.00000000000326,0,0,0,40.00000000000326,40.00000000000326,0,1,0,0,0,1,80,1849712.2035954816,0,3.3411806228691034,3.3411806228691034,0,1,0,0,0,1
3057.72138731038,0,135.81682694155367,0,0,0,135.81682694155367,135.81682694155367,3.3411806228686487,0,40.00000000000334,0,0,0,40.00000000000334,40.00000000000334,0,1,0,0,0,1,80,1849712.2035954853,0,3.3411806228686487,3.3411806228686487,0,1,0,0,0,1
3069.807243835638,0,136.353661709634,0,0,0,136.353661709634,136.353661709634,3.341180622868251,0,40.00000000000335,0,0,0,40.00000000000335,40.00000000000335,0,1,0,0,0,1,80,1849712.2035954858,0,3.341180622868251,3.341180622868251,0,1,0,0,0,1
3081.893100360896,0,136.89049647771432,0,0,0,136.89049647771432,136.89049647771432,3.341180622867853,0,40.000000000003524,0,0,0,40.000000000003524,40.000000000003524,0,1,0,0,0,1,80,1849712.203595494,0,3.341180622867853,3.341180622867853,0,1,0,0,0,1
3093.978956886154,0,137.42733124579465,0,0,0,137.42733124579465,137.42733124579465,3.341180622867455,0,40.00000000000354,0,0,0,40.00000000000354,40.00000000000354,0,1,0,0,0,1,80,1849712.2035954946,0,3.341180622867455,3.341180622867455,0,1,0,0,0,1
3106.0648134114117,0,137.96416601387497,0,0,0,137.96416601387497,137.96416601387497,3.341180622867114,0,40.000000000003595,0,0,0,40.000000000003595,40.000000000003595,0,1,0,0,0,1,80,1849712.203595497,0,3.341180622867114,3.341180622867114,0,1,0,0,0,1
3118.1506699366696,0,138.5010007819553,0,0,0,138.5010007819553,138.5010007819553,3.3411806228668297,0,40.00000000000355,0,0,0,40.00000000000355,40.00000000000355,0,1,0,0,0,1,80,1849712.203595495,0,3.3411806228668297,3.3411806228668297,0,1,0,0,0,1
3130.2365264619275,0,139.03783555003562,0,0,0,139.03783555003562,139.03783555003562,3.3411806228665455,0,40.00000000000372,0,0,0,40.00000000000372,40.00000000000372,0,1,0,0,0,1,80,1849712.2035955032,0,3.3411806228665455,3.3411806228665455,0,1,0,0,0,1
3142.3223829871854,0,139.57467031811595,0,0,0,139.57467031811595,139.57467031811595,3.341180622866318,0,40.0000000000037,0,0,0,40.0000000000037,40.0000000000037,0,1,0,0,0,1,80,1849712.2035955018,0,3.341180622866318,3.341180622866318,0,1,0,0,0,1
3154.4082395124433,0,140.11150508619627,0,0,0,140.11150508619627,140.11150508619627,3.341180622866034,0,40.000000000003695,0,0,0,40.000000000003695,40.000000000003695,0,1,0,0,0,1,80,1849712.2035955016,0,3.341180622866034,3.341180622866034,0,1,0,0,0,1
3166.494096037701,0,140.6483398542766,0,0,0,140.6483398542766,140.6483398542766,3.3411806228658065,0,40.00000000000386,0,0,0,40.00000000000386,40.00000000000386,0,1,0,0,0,1,80,1849712.2035955093,0,3.3411806228658065,3.3411806228658065,0,1,0,0,0,1
3178.579952562959,0,141.18517462235693,0,0,0,141.18517462235693,141.18517462235693,3.341180622865636,0,40.000000000003816,0,0,0,40.000000000003816,40.000000000003816,0,1,0,0,0,1,80,1849712.2035955074,0,3.341180622865636,3.341180622865636,0,1,0,0,0,1
3190.665809088217,0,141.72200939043725,0,0,0,141.72200939043725,141.72200939043725,3.3411806228654655,0,40.00000000000389,0,0,0,40.00000000000389,40.00000000000389,0,1,0,0,0,1,80,1849712.2035955105,0,3.3411806228654655,3.3411806228654655,0,1,0,0,0,1
3202.751665613475,0,142.25884415851758,0,0,0,142.25884415851758,142.25884415851758,3.341180622865295,0,40.00000000000391,0,0,0,40.00000000000391,40.00000000000391,0,1,0,0,0,1,80,1849712.2035955118,0,3.341180622865295,3.341180622865295,0,1,0,0,0,1
3214.8375221387328,0,142.7956789265979,0,0,0,142.7956789265979,142.7956789265979,3.3411806228651244,0,40.00000000000388,0,0,0,40.00000000000388,40.00000000000388,0,1,0,0,0,1,80,1849712.2035955102,0,3.3411806228651244,3.3411806228651244,0,1,0,0,0,1
3226.9233786639907,0,143.33251369467823,0,0,0,143.33251369467823,143.33251369467823,3.341180622864954,0,40.00000000000394,0,0,0,40.00000000000394,40.00000000000394,0,1,0,0,0,1,80,1849712.2035955132,0,3.341180622864954,3.341180622864954,0,1,0,0,0,1
3239.0092351892486,0,143.86934846275855,0,0,0,143.86934846275855,143.86934846275855,3.34118062286484,0,40.00000000000396,0,0,0,40.00000000000396,40.00000000000396,0,1,0,0,0,1,80,1849712.203595514,0,3.34118062286484,3.34118062286484,0,1,0,0,0,1
3251.0950917145065,0,144.40618323083888,0,0,0,144.40618323083888,144.40618323083888,3.3411806228647265,0,40.000000000004036,0,0,0,40.000000000004036,40.000000000004036,0,1,0,0,0,1,80,1849712.2035955177,0,3.3411806228647265,3.3411806228647265,0,1,0,0,0,1
3263.1809482397643,0,144.9430179989192,0,0,0,144.9430179989192,144.9430179989192,3.341180622864613,0,40.000000000003986,0,0,0,40.000000000003986,40.000000000003986,0,1,0,0,0,1,80,1849712.203595515,0,3.341180622864613,3.341180622864613,0,1,0,0,0,1
3275.2668047650222,0,145.47985276699953,0,0,0,145.47985276699953,145.47985276699953,3.341180622864556,0,40.00000000000409,0,0,0,40.00000000000409,40.00000000000409,0,1,0,0,0,1,80,1849712.20359552,0,3.341180622864556,3.341180622864556,0,1,0,0,0,1
3287.35266129028,0,146.01668753507985,0,0,0,146.01668753507985,146.01668753507985,3.3411806228644423,0,40.00000000000406,0,0,0,40.00000000000406,40.00000000000406,0,1,0,0,0,1,80,1849712.2035955186,0,3.3411806228644423,3.3411806228644423,0,1,0,0,0,1
3299.438517815538,0,146.55352230316018,0,0,0,146.55352230316018,146.55352230316018,3.3411806228643854,0,40.00000000000398,0,0,0,40.00000000000398,40.00000000000398,0,1,0,0,0,1,80,1849712.2035955149,0,3.3411806228643854,3.3411806228643854,0,1,0,0,0,1
3311.524374340796,0,147.0903570712405,0,0,0,147.0903570712405,147.0903570712405,3.3411806228643286,0,40.00000000000408,0,0,0,40.00000000000408,40.00000000000408,0,1,0,0,0,1,80,1849712.2035955195,0,3.3411806228643286,3.3411806228643286,0,1,0,0,0,1
3323.610230866054,0,147.62719183932083,0,0,0,147.62719183932083,147.62719183932083,3.3411806228642718,0,40.000000000004015,0,0,0,40.000000000004015,40.000000000004015,0,1,0,0,0,1,80,1849712.2035955167,0,3.3411806228642718,3.3411806228642718,0,1,0,0,0,1
3335.6960873913117,0,148.16402660740115,0,0,0,148.16402660740115,148.16402660740115,3.341180622864215,0,40.00000000000407,0,0,0,40.00000000000407,40.00000000000407,0,1,0,0,0,1,80,1849712.203595519,0,3.341180622864215,3.341180622864215,0,1,0,0,0,1
3347.7819439165696,0,148.70086137548148,0,0,0,148.70086137548148,148.70086137548148,3.341180622864215,0,40.000000000004036,0,0,0,40.000000000004036,40.000000000004036,0,1,0,0,0,1,80,1849712.2035955177,0,3.341180622864215,3.341180622864215,0,1,0,0,0,1
3359.8678004418275,0,149.2376961435618,0,0,0,149.2376961435618,149.2376961435618,3.341180622864158,0,40.0000000000041,0,0,0,40.0000000000041,40.0000000000041,0,1,0,0,0,1,80,1849712.2035955205,0,3.341180622864158,3.341180622864158,0,1,0,0,0,1
3371.9536569670854,0,149.77453091164213,0,0,0,149.77453091164213,149.77453091164213,3.341180622864158,0,40.000000000004015,0,0,0,40.000000000004015,40.000000000004015,0,1,0,0,0,1,80,1849712.2035955167,0,3.341180622864158,3.341180622864158,0,1,0,0,0,1
3384.0395134923433,0,150.31136567972246,0,0,0,150.31136567972246,150.31136567972246,3.341180622864158,0,40.0000000000041,0,0,0,40.0000000000041,40.0000000000041,0,1,0,0,0,1,80,1849712.2035955205,0,3.341180622864158,3.341180622864158,0,1,0,0,0,1
3396.125370017601,0,150.84820044780278,0,0,0,150.84820044780278,150.84820044780278,3.3411806228641012,0,40.00000000000405,0,0,0,40.00000000000405,40.00000000000405,0,1,0,0,0,1,80,1849712.2035955181,0,3.3411806228641012,3.3411806228641012,0,1,0,0,0,1
3408.211226542859,0,151.3850352158831,0,0,0,151.3850352158831,151.3850352158831,3.3411806228641012,0,40.00000000000408,0,0,0,40.00000000000408,40.00000000000408,0,1,0,0,0,1,80,1849712.2035955195,0,3.3411806228641012,3.3411806228641012,0,1,0,0,0,1
3420.297083068117,0,151.92186998396343,0,0,0,151.92186998396343,151.92186998396343,3.3411806228641012,0,40.00000000000405,0,0,0,40.00000000000405,40.00000000000405,0,1,0,0,0,1,80,1849712.2035955181,0,3.3411806228641012,3.3411806228641012,0,1,0,0,0,1
3432.382939593375,0,152.45870475204376,0,0,0,152.45870475204376,152.45870475204376,3.3411806228641012,0,40.00000000000411,0,0,0,40.00000000000411,40.00000000000411,0,1,0,0,0,1,80,1849712.2035955207,0,3.3411806228641012,3.3411806228641012,0,1,0,0,0,1
3444.468796118633,0,152.99553952012408,0,0,0,152.99553952012408,152.99553952012408,3.3411806228641012,0,40.00000000000402,0,0,0,40.00000000000402,40.00000000000402,0,1,0,0,0,1,80,1849712.203595517,0,3.3411806228641012,3.3411806228641012,0,1,0,0,0,1
3456.5546526438907,0,153.5323742882044,0,0,0,153.5323742882044,153.5323742882044,3.3411806228641012,0,40.000000000004114,0,0,0,40.000000000004114,40.000000000004114,0,1,0,0,0,1,80,1849712.2035955214,0,3.3411806228641012,3.3411806228641012,0,1,0,0,0,1
3468.6405091691486,0,154.06920905628473,0,0,0,154.06920905628473,154.06920905628473,3.3411806228640444,0,40.00000000000407,0,0,0,40.00000000000407,40.00000000000407,0,1,0,0,0,1,80,1849712.203595519,0,3.3411806228640444,3.3411806228640444,0,1,0,0,0,1
3480.7263656944065,0,154.60604382436506,0,0,0,154.60604382436506,154.60604382436506,3.3411806228640444,0,40.00000000000411,0,0,0,40.00000000000411,40.00000000000411,0,1,0,0,0,1,80,1849712.2035955207,0,3.3411806228640444,3.3411806228640444,0,1,0,0,0,1
3492.8122222196644,0,155.14287859244538,0,0,0,155.14287859244538,155.14287859244538,3.3411806228640444,0,40.00000000000408,0,0,0,40.00000000000408,40.00000000000408,0,1,0,0,0,1,80,1849712.2035955195,0,3.3411806228640444,3.3411806228640444,0,1,0,0,0,1
3504.8980787449223,0,155.6797133605257,0,0,0,155.6797133605257,155.6797133605257,3.3411806228640444,0,40.000000000004135,0,0,0,40.000000000004135,40.000000000004135,0,1,0,0,0,1,80,1849712.203595522,0,3.3411806228640444,3.3411806228640444,0,1,0,0,0,1
3516.98393527018,0,156.21654812860604,0,0,0,156.21654812860604,156.21654812860604,3.3411806228640444,0,40.00000000000405,0,0,0,40.00000000000405,40.00000000000405,0,1,0,0,0,1,80,1849712.2035955181,0,3.3411806228640444,3.3411806228640444,0,1,0,0,0,1
3529.069791795438,0,156.75338289668636,0,0,0,156.75338289668636,156.75338289668636,3.3411806228639875,0,40.00000000000417,0,0,0,40.00000000000417,40.00000000000417,0,1,0,0,0,1,80,1849712.2035955237,0,3.3411806228639875,3.3411806228639875,0,1,0,0,0,1
3541.155648320696,0,157.2902176647667,0,0,0,157.2902176647667,157.2902176647667,3.3411806228639875,0,40.00000000000409,0,0,0,40.00000000000409,40.00000000000409,0,1,0,0,0,1,80,1849712.20359552,0,3.3411806228639875,3.3411806228639875,0,1,0,0,0,1
3553.241504845954,0,157.827052432847,0,0,0,157.827052432847,157.827052432847,3.3411806228639875,0,40.00000000000413,0,0,0,40.00000000000413,40.00000000000413,0,1,0,0,0,1,80,1849712.2035955219,0,3.3411806228639875,3.3411806228639875,0,1,0,0,0,1
3565.3273613712117,0,158.36388720092734,0,0,0,158.36388720092734,158.36388720092734,3.3411806228639875,0,40.0000000000041,0,0,0,40.0000000000041,40.0000000000041,0,1,0,0,0,1,80,1849712.2035955205,0,3.3411806228639875,3.3411806228639875,0,1,0,0,0,1
3577.4132178964696,0,158.90072196900766,0,0,0,158.90072196900766,158.90072196900766,3.3411806228639875,0,40.00000000000415,0,0,0,40.00000000000415,40.00000000000415,0,1,0,0,0,1,80,1849712.2035955228,0,3.3411806228639875,3.3411806228639875,0,1,0,0,0,1
3589.4990744217275,0,159.437556737088,0,0,0,159.437556737088,159.437556737088,3.3411806228639875,0,40.00000000000407,0,0,0,40.00000000000407,40.00000000000407,0,1,0,0,0,1,80,1849712.203595519,0,3.3411806228639875,3.3411806228639875,0,1,0,0,0,1
3601.5849309469854,0,159.9743915051683,0,0,0,159.9743915051683,159.9743915051683,3.3411806228639307,0,40.000000000004185,0,0,0,40.000000000004185,40.000000000004185,0,1,0,0,0,1,80,1849712.2035955244,0,3.3411806228639307,3.3411806228639307,0,1,0,0,0,1
3613.6707874722433,0,160.51122627324864,0,0,0,160.51122627324864,160.51122627324864,3.3411806228639307,0,40.00000000000411,0,0,0,40.00000000000411,40.00000000000411,0,1,0,0,0,1,80,1849712.2035955207,0,3.3411806228639307,3.3411806228639307,0,1,0,0,0,1
3625.756643997501,0,161.04806104132896,0,0,0,161.04806104132896,161.04806104132896,3.3411806228639307,0,40.00000000000414,0,0,0,40.00000000000414,40.00000000000414,0,1,0,0,0,1,80,1849712.2035955226,0,3.3411806228639307,3.3411806228639307,0,1,0,0,0,1
