time,position,Pipe elevation profile,Heat transfer - gas-wall,Heat transfer - oil-wall,Heat transfer - gas-oil,Heat transfer - average-wall,Heat transfer - OHTC,Heat transfer - surroundings,MFR - continuous gas,MFR - continuous oil,MFR - bubbles,MFR - droplets,MFR - total gas,MFR - total liquid,MFR - total,Pressure,Temperature - gas,Temperature - oil,Temperature - average,Temperature - surroundings,CO2 mGas total,CO2 mOil total,CO2 mTotal,Velocity - gas,Velocity - oil
[s],[m],[?],[W/m²-K],[W/m²-K],[W/m²-K],[W/m²-K],[W/m²-K],[W/m²-K],[kg/s],[kg/s],[kg/s],[kg/s],[kg/s],[kg/s],[kg/s],[Pa],[C],[C],[C],[C],[?],[?],[?],[m/s],[m/s]
0,0,0,,,,,,,0,0,0,0,0,0,0,,,,,,,,,0,0
0,25,,0,0,0,0,0,0,,,,,,,,80,5,5,5,4,,,,,
0,50,0,,,,,,,0,0,0,0,0,0,0,,,,,,,,,0,0
0,75,,0,0,0,0,0,0,,,,,,,,80,5,5,5,4,,,,,
0,100,0,,,,,,,0,0,0,0,0,0,0,,,,,,,,,0,0
0,125,,0,0,0,0,0,0,,,,,,,,80,5,5,5,4,,,,,
0,150,0,,,,,,,0,0,0,0,0,0,0,,,,,,,,,0,0
0,175,,0,0,0,0,0,0,,,,,,,,80,5,5,5,4,,,,,
0,200,0,,,,,,,0,0,0,0,0,0,0,,,,,,,,,0,0
0,225,,0,0,0,0,0,0,,,,,,,,80,5,5,5,4,,,,,
0,250,0,,,,,,,0,0,0,0,0,0,0,,,,,,,,,0,0
0,275,,0,0,0,0,0,0,,,,,,,,80,5,5,5,4,,,,,
0,300,0,,,,,,,0,0,0,0,0,0,0,,,,,,,,,0,0
0,325,,0,0,0,0,0,0,,,,,,,,80,5,5,5,4,,,,,
0,350,0,,,,,,,0,0,0,0,0,0,0,,,,,,,,,0,0
0,375,,0,0,0,0,0,0,,,,,,,,80,5,5,5,4,,,,,
0,400,0,,,,,,,0,0,0,0,0,0,0,,,,,,,,,0,0
0,425,,0,0,0,0,0,0,,,,,,,,80,5,5,5,4,,,,,
0,450,0,,,,,,,0,0,0,0,0,0,0,,,,,,,,,0,0
0,475,,0,0,0,0,0,0,,,,,,,,80,5,5,5,4,,,,,
0,500,0,,,,,,,0,0,0,0,0,0,0,,,,,,,,,0,0
0,525,,0,0,0,0,0,0,,,,,,,,80,5,5,5,4,,,,,
0,550,0,,,,,,,0,0,0,0,0,0,0,,,,,,,,,0,0
0,575,,0,0,0,0,0,0,,,,,,,,80,5,5,5,4,,,,,
0,600,0,,,,,,,0,0,0,0,0,0,0,,,,,,,,,0,0
0,625,,0,0,0,0,0,0,,,,,,,,80,5,5,5,4,,,,,
0,650,0,,,,,,,0,0,0,0,0,0,0,,,,,,,,,0,0
0,675,,0,0,0,0,0,0,,,,,,,,80,5,5,5,4,,,,,
0,700,0,,,,,,,0,0,0,0,0,0,0,,,,,,,,,0,0
0,725,,0,0,0,0,0,0,,,,,,,,80,5,5,5,4,,,,,
0,750,0,,,,,,,0,0,0,0,0,0,0,,,,,,,,,0,0
0,775,,0,0,0,0,0,0,,,,,,,,80,5,5,5,4,,,,,
0,800,0,,,,,,,0,0,0,0,0,0,0,,,,,,,,,0,0
0,825,,0,0,0,0,0,0,,,,,,,,80,5,5,5,4,,,,,
0,850,0,,,,,,,0,0,0,0,0,0,0,,,,,,,,,0,0
0,875,,0,0,0,0,0,0,,,,,,,,80,5,5,5,4,,,,,
0,900,0,,,,,,,0,0,0,0,0,0,0,,,,,,,,,0,0
0,925,,0,0,0,0,0,0,,,,,,,,80,5,5,5,4,,,,,
0,950,0,,,,,,,0,0,0,0,0,0,0,,,,,,,,,0,0
0,975,,0,0,0,0,0,0,,,,,,,,80,5,5,5,4,,,,,
0,1000,0,,,,,,,0,0,0,0,0,0,0,,,,,,,,,0,0
204.32990933214447,0,0,,,,,,,40,0,0,0,40,0,40,,,,,,,,,5.771326262617869,5.707221243149461
204.32990933214447,25,,4400.293877278925,904.2063406029936,0,4400.293877278925,399.1470703754393,425.2186540488346,,,,,,,,84.2153029277675,38.94141672059055,38.94141672059055,38.94141672059055,4,,,,,
204.32990933214447,50,0,,,,,,,40.1077120675142,1.427195542348794e-06,1.2824652717093577e-11,8.108442372647105e-46,40.107712067527025,1.427195542348794e-06,40.10771349472257,,,,,,,,,5.589301563026602,5.5892562611199255
204.32990933214447,75,,4756.571106154397,1073.8683640433776,0,4756.571106154397,401.87755089910956,425.2186540488346,,,,,,,,83.93670241454602,37.94756096316138,37.94756096316138,37.94756096316138,4,,,,,
204.32990933214447,100,0,,,,,,,40.25287940663655,8.176100968873193e-06,7.343675539724093e-11,6.61373900551456e-39,40.25287940670999,8.176100968873193e-06,40.252887582810956,,,,,,,,,5.268388144831942,2.9094455466366016
204.32990933214447,125,,5168.72306414694,9216.145156480938,824859.3276084225,4996.390179726718,405.08367675005695,425.2186540488346,,,,,,,,83.65842100782824,37.13613888849642,37.13613888849642,37.13613888849642,4,,,,,
204.32990933214447,150,0,,,,,,,40.28469165494437,0.003910900716844265,3.5083032345169e-08,0.20427910433615704,40.2846916900274,0.2081900050530013,40.4928816950804,,,,,,,,,5.7260629130004395,0.0036918805120600582
204.32990933214447,175,,9264.98681880337,3336.400900781818,858938.4994129776,6600.044616502769,405.0918165560709,425.2186540488346,,,,,,,,83.37557009986014,36.43973752869863,36.4167459612176,36.43392073034448,4,,,,,
204.32990933214447,200,0,,,,,,,15.694421993231547,10.244397972471582,2.1057321026976309e-13,14.7328324754601,15.694421993231758,24.97723044793168,40.67165244116344,,,,,,,,,2.2957617447266205,2.2957617447266276
204.32990933214447,225,,1404.8006189929476,3919.9971052888864,0,3919.9971052888864,394.75966306078095,425.2186540488346,,,,,,,,83.13757343301276,35.80323841650238,35.80323841650238,35.803238416502325,4,,,,,
204.32990933214447,250,0,,,,,,,3.4972737523750883,28.91756735752868,2.4183230378325566,6.073461268740785,5.915596790207645,34.99102862626946,40.906625416477105,,,,,,,,,4.032598498790729,4.032598498790733
204.32990933214447,275,,1368.925167964157,4915.114061618389,0,4915.114061618389,402.9757777173362,425.2186540488346,,,,,,,,82.91765442727936,35.144784426574006,35.144784426574006,35.144784426574006,4,,,,,
204.32990933214447,300,0,,,,,,,0.7431037006887007,36.82963216623972,1.4154056105328434,2.2167542055813794,2.158509311221544,39.0463863718211,41.20489568304264,,,,,,,,,4.138081824969411,4.138081824969414
204.32990933214447,325,,1285.554484975647,5132.486923397252,0,5132.486923397252,404.37992414505084,425.2186540488346,,,,,,,,82.70664673491972,34.39579003103012,34.39579003103012,34.39579003103012,4,,,,,
204.32990933214447,350,0,,,,,,,0.1515086041039813,40.087110688884835,0.6128499798466679,0.7660668242861569,0.7643585839506492,40.85317751317099,41.617536097121636,,,,,,,,,4.020659721283317,4.02065972128332
204.32990933214447,375,,1185.6395762917768,5092.753225887078,0,5092.753225887078,404.1315017249876,425.2186540488346,,,,,,,,82.50266248958611,33.48481805323638,33.48481805323638,33.48481805323638,4,,,,,
204.32990933214447,400,0,,,,,,,0.029821215945899527,41.68279586015704,0.23373806742405898,0.25733189346700347,0.2635592833699585,41.94012775362405,42.203687036994005,,,,,,,,,3.8657185468324538,3.865718546832457
204.32990933214447,425,,1082.9783118861394,4982.882752292036,0,4982.882752292036,403.4256168569257,425.2186540488346,,,,,,,,82.30378913483827,32.32708381514948,32.32708381514948,32.32708381514948,4,,,,,
204.32990933214447,450,0,,,,,,,0.005698759903018348,42.84394833642736,0.08316730356885066,0.08480493191978068,0.08886606347186901,42.928753268347144,43.01761933181901,,,,,,,,,3.716340086106302,3.716340086106305
204.32990933214447,475,,962.7426408787218,4773.113888319913,0,4773.113888319913,401.995264716808,425.2186540488346,,,,,,,,82.10796769624586,30.82430732325804,30.82430732325804,30.82430732325804,4,,,,,
204.32990933214447,500,0,,,,,,,0.0010639233427118427,44.092588177652054,0.028399369566853364,0.027484325827493196,0.029463292909565206,44.12007250347955,44.14953579638912,,,,,,,,,3.5845685133840446,3.5845685133840477
204.32990933214447,525,,812.9482238307331,4696.2748245341245,0,4696.2748245341245,401.44207946251953,425.2186540488346,,,,,,,,81.9126308267311,28.800546656913582,28.800546656913582,28.800546656913582,4,,,,,
204.32990933214447,550,0,,,,,,,0.00019539872339547734,45.49709218241887,0.009428380369366846,0.00874193996316584,0.009623779092762323,45.50583412238203,45.5154579014748,,,,,,,,,3.4718393316997167,3.47183933169972
204.32990933214447,575,,1018.2994822465313,4669.393285879875,0,4669.393285879875,401.24462257644984,425.2186540488346,,,,,,,,81.71773122422188,26.343571571314158,26.343571571314158,26.343571571314158,4,,,,,
204.32990933214447,600,0,,,,,,,3.6244502366979586e-05,47.023062993082796,0.0030738007789036874,0.0027313246598889324,0.003110045281270667,47.02579431774269,47.028904363023955,,,,,,,,,3.3842555930420013,3.3842555930420044
204.32990933214447,625,,803.6221816934711,4683.957075792657,0,4683.957075792657,401.3518573271954,425.2186540488346,,,,,,,,81.52196727238464,23.561138052217757,23.561138052217757,23.5611380522177,4,,,,,
204.32990933214447,650,0,,,,,,,6.636667861298163e-06,48.58230196855285,0.0009912590910341821,0.0008394130969384722,0.0009978957588954803,48.58314138164979,48.58413927740868,,,,,,,,,3.3188673467024685,3.318867346702471
204.32990933214447,675,,673.46005840757,4727.157132639262,0,4727.157132639262,401.6663873746241,425.2186540488346,,,,,,,,81.32467557507492,20.629329001943574,20.629329001943574,20.629329001943574,4,,,,,
204.32990933214447,700,0,,,,,,,1.2080791880905705e-06,50.08254829434295,0.00031749652224086786,0.0002542803500639082,0.00031870460142895845,50.08280257469301,50.08312127929444,,,,,,,,,3.2716827727507622,3.271682772750765
204.32990933214447,725,,582.8794176264893,4786.335492480933,0,4786.335492480933,402.0888100533074,425.2186540488346,,,,,,,,81.12551743814602,17.7408554388918,17.7408554388918,17.7408554388918,4,,,,,
204.32990933214447,750,0,,,,,,,2.1964599340923045e-07,51.45371663213353,0.00010125950071633164,7.609426002763905e-05,0.00010147914670974087,51.45379272639356,51.453894205540266,,,,,,,,,3.238647118444037,3.2386471184440397
204.32990933214447,775,,411.45326597926004,4850.736017080927,0,4850.736017080927,402.5377696414688,425.2186540488346,,,,,,,,80.92439925063313,15.058422298097355,15.058422298097355,15.058422298097355,4,,,,,
204.32990933214447,800,0,,,,,,,4.001507026955834e-08,52.65449439025835,3.220312482460183e-05,2.2541464865026125e-05,3.2243139894871386e-05,52.654516931723215,52.65454917486311,,,,,,,,,3.216162909245458,3.2161629092454604
204.32990933214447,825,,354.3920930570808,4913.217760407611,0,4913.217760407611,402.9630264940594,425.2186540488346,,,,,,,,80.72139878293363,12.690210417333276,12.690210417333276,12.690210417333276,4,,,,,
204.32990933214447,850,0,,,,,,,7.319390889837247e-09,53.668999071353355,1.0219328835883585e-05,6.621427916308136e-06,1.0226648226773423e-05,53.66900569278127,53.6690159194295,,,,,,,,,3.201289952564368,3.2012899525643705
204.32990933214447,875,,297.3029432462887,4969.8748424194855,0,4969.8748424194855,403.3401463416465,425.2186540488346,,,,,,,,80.51670131151079,10.687408978754775,10.687408978754775,10.687408978754775,4,,,,,
204.32990933214447,900,0,,,,,,,1.345676735000279e-09,54.49987932088898,3.236738594023795e-06,1.9313422848984285e-06,3.2380842707587953e-06,54.49988125223126,54.49988449031553,,,,,,,,,3.191747818624665,3.1917478186246675
204.32990933214447,925,,242.84678286341767,5018.538790384999,0,5018.538790384999,403.6578113761251,425.2186540488346,,,,,,,,80.31054871311413,9.054930721679796,9.054930721679796,9.054930721679739,4,,,,,
204.32990933214447,950,0,,,,,,,2.487380915618086e-10,55.161468296270094,1.0231594638019196e-06,5.599804479217104e-07,1.0234082018934813e-06,55.16146885625054,55.161469879658746,,,,,,,,,3.1858326774850214,3.185832677485024
204.32990933214447,975,,199.1492924845972,5058.32354195844,0,5058.32354195844,403.9133369165504,425.2186540488346,,,,,,,,80.10320137274088,7.766400899614382,7.766400899614382,7.766400899614382,4,,,,,
204.32990933214447,1000,0,,,,,,,3.567217998713859e-15,55.67435356784182,3.227096064410322e-07,1.615772861346289e-07,3.2270961000825023e-07,55.6743537294191,55.67435405212871,,,,,,,,,3.1963601228774627,3.1963601228774627
406.1605864253123,0,0,,,,,,,40,0,0,0,40,0,40,,,,,,,,,5.928557031069151,5.928557031069151
406.1605864253123,25,,4286.928959777414,849.7253899659811,0,4286.928959777414,398.191910464796,425.2186540488346,,,,,,,,83.61532657441545,38.904123949495045,38.904123949495045,38.904123949495045,4,,,,,
406.1605864253123,50,0,,,,,,,40.00694226190809,1.1570271177707303e-56,2.3200753320660987e-58,4.633268648960828e-196,40.00694226190809,1.1570271177707303e-56,40.00694226190809,,,,,,,,,5.749475645421497,5.749475645421505
406.1605864253123,75,,4602.283666823916,1009.9908618024425,0,4602.283666823916,400.7424817371171,425.2186540488346,,,,,,,,83.33276856727704,37.884999547161556,37.884999547161556,37.884999547161556,4,,,,,
406.1605864253123,100,0,,,,,,,40.01643002190752,1.857764606631883e-44,2.100327703302698e-46,4.831793636179575e-189,40.01643002190752,1.857764606631883e-44,40.01643002190752,,,,,,,,,5.414767084898504,5.41476708489802
406.1605864253123,125,,4981.745591666638,1188.056414014295,0,4981.745591666638,403.4181613270031,425.2186540488346,,,,,,,,83.07345254986902,37.07863265670795,37.07863265670795,37.07863265670801,4,,,,,
406.1605864253123,150,0,,,,,,,40.02836653356133,7.683441685130944e-14,6.913814068224432e-19,1.3822144283316847e-132,40.02836653356133,7.683441685130944e-14,40.02836653356141,,,,,,,,,5.104353468795756,7.918648147657384e-12
406.1605864253123,175,,7971.653957159087,7363.406865732312,986951.5395066929,7919.986991587691,415.90315777870785,425.2186540488346,,,,,,,,82.80360044664982,36.388240171282916,36.37451907650234,36.388207183621944,4,,,,,
406.1605864253123,200,0,,,,,,,17.052000248906655,0.09566308469029211,4.5960135806666075e-24,22.892172359001624,17.052000248906655,22.987835443691914,40.03983569259857,,,,,,,,,0.03645637583898264,0.03645637583899244
406.1605864253123,225,,1436.9539189594325,2394.970560593736,0,2394.970560593736,370.97129995553524,425.2186540488346,,,,,,,,82.55116006397151,35.829810473073906,35.829810473073906,35.82981047307385,4,,,,,
406.1605864253123,250,0,,,,,,,4.2810984022630025,21.763146588508057,2.77690305742694,11.235856790469132,7.058001459689942,32.99900337897719,40.05700483866713,,,,,,,,,3.799548480781463,3.7995484807814672
406.1605864253123,275,,1449.8381386836957,4353.990434309257,0,4353.990434309257,398.7623977541231,425.2186540488346,,,,,,,,82.33287609388502,35.275662083658574,35.275662083658574,35.27566208365852,4,,,,,
406.1605864253123,300,0,,,,,,,1.031731468158147,32.46163612939833,1.7967394579103284,4.790854200373543,2.8284709260684755,37.252490329771874,40.08096125584035,,,,,,,,,4.111086648114972,4.111086648114975
406.1605864253123,325,,1401.445159504705,4991.392125270708,0,4991.392125270708,403.48130748210355,425.2186540488346,,,,,,,,82.12556378459236,34.697610715442806,34.697610715442806,34.697610715442806,4,,,,,
406.1605864253123,350,0,,,,,,,0.23880569546775432,37.141767873771606,0.8588634607506143,1.8708534721101202,1.0976691562183687,39.012621345881726,40.11029050210009,,,,,,,,,4.052569182500767,4.05256918250077
406.1605864253123,375,,1320.6576507003551,5104.84755663262,0,5104.84755663262,404.2074947088831,425.2186540488346,,,,,,,,81.92847283246412,34.067762747699476,34.067762747699476,34.067762747699476,4,,,,,
406.1605864253123,400,0,,,,,,,0.05317852492674803,39.044745965662706,0.3596369043535565,0.6852763296686273,0.4128154292803045,39.73002229533133,40.14283772461164,,,,,,,,,3.911237748985837,3.9112377489858403
406.1605864253123,425,,1233.8018048200488,5027.901243856419,0,5027.901243856419,403.71827823684583,425.2186540488346,,,,,,,,81.74063731909102,33.366521340876204,33.366521340876204,33.366521340876204,4,,,,,
406.1605864253123,450,0,,,,,,,0.011415670705117658,39.788226090434186,0.13916823816196514,0.23850743022503287,0.15058390886708278,40.02673352065922,40.177317429526305,,,,,,,,,3.7561906474035682,3.7561906474035713
406.1605864253123,475,,1154.7058540112378,4897.112480625424,0,4897.112480625424,402.85436505437985,425.2186540488346,,,,,,,,81.56109186301495,32.58256907695784,32.58256907695784,32.58256907695784,4,,,,,
406.1605864253123,500,0,,,,,,,0.002366956972471275,40.08128362714472,0.050960908283107724,0.07950067428285582,0.053327865255579,40.160784301427576,40.21411216668316,,,,,,,,,3.607637753379239,3.6076377533792416
406.1605864253123,525,,1081.9108402518173,4758.03042670597,0,4758.03042670597,401.88796515485046,425.2186540488346,,,,,,,,81.38894608599863,31.710251166097066,31.710251166097066,31.710251166097066,4,,,,,
406.1605864253123,550,0,,,,,,,0.00047488393408165686,40.211172409843414,0.01788020105603108,0.02551531633448102,0.01835508499011274,40.2366877261779,40.25504281116801,,,,,,,,,3.470193304483158,3.470193304483161
406.1605864253123,575,,997.9565192530248,4539.592995109051,0,4539.592995109051,400.26117551893446,425.2186540488346,,,,,,,,81.22335832155451,30.735600048184438,30.735600048184438,30.735600048184438,4,,,,,
406.1605864253123,600,0,,,,,,,9.232063040792611e-05,40.29126598944154,0.00605415368738502,0.007915649527738516,0.006146474317792946,40.29918163896928,40.305328113287075,,,,,,,,,3.342333912335406,3.3423339123354086
406.1605864253123,625,,938.7999347142033,4424.273204856765,0,4424.273204856765,399.3434031669967,425.2186540488346,,,,,,,,81.06361463131441,29.620802210328236,29.620802210328236,29.620802210328236,4,,,,,
406.1605864253123,650,0,,,,,,,1.7398585744887193e-05,40.361443240747576,0.0019860027697001154,0.0023799597289574214,0.0020034013554450026,40.36382320047653,40.36582660183198,,,,,,,,,3.2250765322075656,3.2250765322075683
406.1605864253123,675,,572.8987884297838,4328.404666398332,0,4328.404666398332,398.54663500135894,425.2186540488346,,,,,,,,80.90952845187108,28.413597027410447,28.413597027410447,28.413597027410447,4,,,,,
406.1605864253123,700,0,,,,,,,3.186067900972035e-06,40.43924256476945,0.0006337091458898629,0.0006961224170086969,0.0006368952137908349,40.43993868718646,40.44057558240025,,,,,,,,,3.1205639155320712,3.120563915532074
406.1605864253123,725,,1086.7749753229377,4251.320924172659,0,4251.320924172659,397.88236463209876,425.2186540488346,,,,,,,,80.7602760536921,27.122285542360885,27.122285542360885,27.122285542360885,4,,,,,
406.1605864253123,750,0,,,,,,,5.685119501411977e-07,40.5344288527122,0.0001973643293095357,0.0001988142983927217,0.00019793284125967689,40.5346276670106,40.53482559985186,,,,,,,,,3.0276621436980395,3.027662143698042
406.1605864253123,775,,987.7712679415295,4189.832707376352,0,4189.832707376352,397.33662610372687,425.2186540488346,,,,,,,,80.61520940461588,25.754357035792168,25.754357035792168,25.754357035792168,4,,,,,
406.1605864253123,800,0,,,,,,,9.896106863718066e-08,40.65484922033528,6.018236572011786e-05,5.5645505283131254e-05,6.028132678875504e-05,40.654904865840564,40.65496514716735,,,,,,,,,2.945358640273745,2.9453586402737475
406.1605864253123,825,,789.0618497130228,4142.418127213146,0,4142.418127213146,396.9057947193527,425.2186540488346,,,,,,,,80.47371499317354,24.31599930185905,24.31599930185905,24.315999301858994,4,,,,,
406.1605864253123,850,0,,,,,,,1.6836341254245187e-08,40.80761907944821,1.8020203058314958e-05,1.5315421914918352e-05,1.8037039399569202e-05,40.80763439487012,40.80765243190952,,,,,,,,,2.8728075547390035,2.8728075547390057
406.1605864253123,875,,690.4783493872011,4108.237931007439,0,4108.237931007439,396.58964424410397,425.2186540488346,,,,,,,,80.33521056462773,22.81332837426669,22.81332837426669,22.81332837426669,4,,,,,
406.1605864253123,900,0,,,,,,,2.8056953322386833e-09,40.998251305853785,5.313014788712975e-06,4.158290112797738e-06,5.315820484045214e-06,40.998255464143895,40.998260779964376,,,,,,,,,2.8093128358563457,2.8093128358563484
406.1605864253123,925,,613.2786848935397,4085.3515128521262,0,4085.3515128521262,396.3752857249272,425.2186540488346,,,,,,,,80.19914773258783,21.254955932494113,21.254955932494113,21.254955932494056,4,,,,,
406.1605864253123,950,0,,,,,,,4.5898818800223457e-10,41.22919176753709,1.5464871976158097e-06,1.1168551441418812e-06,1.546946185803812e-06,41.22919288439223,41.22919443133842,,,,,,,,,2.7542778575783324,2.754277857578335
406.1605864253123,975,,550.351612643251,4072.835398135234,0,4072.8353981352343,396.25713757855266,425.2186540488346,,,,,,,,80.06501895274066,19.65474615672406,19.65474615672406,19.65474615672406,4,,,,,
406.1605864253123,1000,0,,,,,,,1.1209281339624903e-14,41.49868408771443,4.4542706851839665e-07,2.975177030414753e-07,4.45427079727678e-07,41.49868438523213,41.49868483065921,,,,,,,,,2.7385789686691933,2.7385789686691937
605.1307636483369,0,0,,,,,,,40,0,0,0,40,0,40,,,,,,,,,5.946635627867084,5.946635627867084
605.1307636483369,25,,4279.602237512588,845.1192288148608,0,4279.602237512588,398.1285999498679,425.2186540488346,,,,,,,,83.54981081539312,38.89331547652529,38.89331547652529,38.89331547652529,4,,,,,
605.1307636483369,50,0,,,,,,,40.02010144660528,1.3456790383450274e-155,2.7409257592999518e-157,0,40.02010144660528,1.3456790383450274e-155,40.02010144660528,,,,,,,,,5.7668226843905614,5.766822684390569
605.1307636483369,75,,4593.035225928877,1004.9659365663794,0,4593.035225928877,400.67223114427253,425.2186540488346,,,,,,,,83.26627966209023,37.86770254627197,37.86770254627197,37.86770254627197,4,,,,,
605.1307636483369,100,0,,,,,,,40.0388962874132,4.066021860899754e-136,4.6993709845826884e-138,0,40.0388962874132,4.066021860899754e-136,40.0388962874132,,,,,,,,,5.432059639092662,5.432059639092669
605.1307636483369,125,,4974.416028984426,1183.5430446792855,0,4974.416028984426,403.3700315899771,425.2186540488346,,,,,,,,83.005935909384,37.0583371509876,37.0583371509876,37.0583371509876,4,,,,,
605.1307636483369,150,0,,,,,,,40.05728624982663,1.9649586367050565e-94,9.697024580770552e-97,1.1961314248982247e-282,40.05728624982663,1.9649586367050565e-94,40.05728624982663,,,,,,,,,6.328432127070574,1.3057567879800974e-94
605.1307636483369,175,,8980.391788054054,3300.7320229930447,1489280.3672029453,5930.3355273574125,401.82399434557084,425.2186540488346,,,,,,,,82.75297498773443,36.39174363976798,36.37067637912031,36.38390045330078,4,,,,,
605.1307636483369,200,0,,,,,,,15.962122777718122,14.841356569218386,-1.5489904661634347e-47,9.276353807229155,15.962122777718122,24.11771037644754,40.07983315416566,,,,,,,,,3.10770246404933,3.107702464049336
605.1307636483369,225,,1437.5719988326832,4300.0999658753035,0,4300.0999658753035,398.3052294178326,425.2186540488346,,,,,,,,82.51704935177244,35.82322497466316,35.82322497466316,35.82322497466316,4,,,,,
605.1307636483369,250,0,,,,,,,3.6809680878749136,28.15744169376037,2.6636459644568546,5.507972753094275,6.344614052331768,33.66541444685464,40.01002849918641,,,,,,,,,4.190954025753901,4.190954025753904
605.1307636483369,275,,1452.390999615814,4741.153247411663,0,4741.153247411663,401.7671648313079,425.2186540488346,,,,,,,,82.29902612825197,35.27943747102228,35.27943747102228,35.27943747102228,4,,,,,
605.1307636483369,300,0,,,,,,,0.8383809214956454,34.68410101232084,1.647960541129231,2.810359542844632,2.4863414626248765,37.49446055516547,39.980802017790346,,,,,,,,,4.210645369699192,4.210645369699195
605.1307636483369,325,,1406.104855867177,5077.37600332371,0,5077.37600332371,404.0343999901279,425.2186540488346,,,,,,,,82.09209346910488,34.71317281988104,34.71317281988104,34.713172819881095,4,,,,,
605.1307636483369,350,0,,,,,,,0.18718215568719265,37.76904050491893,0.7667060189004794,1.2511147387649308,0.953888174587672,39.02015524368386,39.974043418271535,,,,,,,,,4.079415608399788,4.079415608399792
605.1307636483369,375,,1329.3757898604742,5131.51852105501,0,5131.51852105501,404.37391164913316,425.2186540488346,,,,,,,,81.8956091166136,34.097393964882826,34.097393964882826,34.097393964882826,4,,,,,
605.1307636483369,400,0,,,,,,,0.0407582169934141,39.11603932123841,0.31621448491852466,0.5027663126993875,0.35697270191193875,39.6188056339378,39.97577833584973,,,,,,,,,3.917444747004875,3.9174447470048777
605.1307636483369,425,,1243.9653254564303,5041.242315175881,0,5041.242315175881,403.80408381328726,425.2186540488346,,,,,,,,81.70855317143588,33.41324607116957,33.41324607116957,33.413246071169624,4,,,,,
605.1307636483369,450,0,,,,,,,0.008630217433040686,39.663168701258535,0.12149598543691767,0.1870720113930586,0.13012620286995835,39.85024071265159,39.98036691552155,,,,,,,,,3.7558272599109195,3.7558272599109226
605.1307636483369,475,,1163.9705813521373,4904.940336257383,0,4904.940336257383,402.9072609733857,425.2186540488346,,,,,,,,81.52995225105855,32.649960009782944,32.649960009782944,32.649960009782944,4,,,,,
605.1307636483369,500,0,,,,,,,0.0017747476610920736,39.874178248419,0.04442548803299488,0.06558576378032056,0.04620023569408695,39.93976401219932,39.985964247893406,,,,,,,,,3.604559156889659,3.6045591568896618
605.1307636483369,525,,1091.2430980890344,4762.297111758189,0,4762.297111758189,401.918380290185,425.2186540488346,,,,,,,,81.35892621654622,31.803157315913722,31.803157315913722,31.803157315913722,4,,,,,
605.1307636483369,550,0,,,,,,,0.00035439687081558136,39.95405553029634,0.01563132398892311,0.021926646625485113,0.015985720859738692,39.975982176921825,39.991967897781564,,,,,,,,,3.465954619992179,3.465954619992182
605.1307636483369,575,,1008.4867735846458,4543.229350476777,0,4543.229350476777,400.2894244697797,425.2186540488346,,,,,,,,81.19467978248817,30.868370186915286,30.868370186915286,30.868370186915286,4,,,,,
605.1307636483369,600,0,,,,,,,6.874870479158662e-05,39.98556701693882,0.005326103138112022,0.007048112106519453,0.005394851842903609,39.99261512904534,39.99800998088824,,,,,,,,,3.3369450699770073,3.33694506997701
605.1307636483369,625,,949.2757519199878,4422.768679583041,0,4422.768679583041,399.3311416834633,425.2186540488346,,,,,,,,81.03644441801119,29.799837617998435,29.799837617998435,29.799837617998378,4,,,,,
605.1307636483369,650,0,,,,,,,1.2950319291678266e-05,40.00005089529668,0.0017626296753486038,0.0021885692913389126,0.001775579994640282,40.00223946458802,40.004015044582665,,,,,,,,,3.2180848447826076,3.2180848447826103
605.1307636483369,675,,898.4007564963674,4322.8316669410515,0,4322.8316669410515,398.49933081651227,425.2186540488346,,,,,,,,80.88417983147521,28.654573681492025,28.654573681492025,28.654573681492025,4,,,,,
605.1307636483369,700,0,,,,,,,2.372628246822812e-06,40.008692144163476,0.0005683584471624723,0.0006594963480016355,0.0005707310754092951,40.009351640511476,40.00992237158688,,,,,,,,,3.111860900900732,3.1118609009007345
605.1307636483369,725,,1082.738665477662,4239.446970538939,0,4239.446970538939,397.77809500866744,425.2186540488346,,,,,,,,80.73710743909375,27.44784388859989,27.44784388859989,27.44784388859989,4,,,,,
605.1307636483369,750,0,,,,,,,4.2353990558240293e-07,40.01556350955554,0.00017900118093837377,0.00019352249699776776,0.00017942472084395616,40.01575703205254,40.01593645677338,,,,,,,,,3.0170479425951817,3.0170479425951844
605.1307636483369,775,,1036.6621960355415,4171.060343346349,0,4171.060343346349,397.1671112771541,425.2186540488346,,,,,,,,80.59466395966048,26.19638248532351,26.19638248532351,26.19638248532351,4,,,,,
605.1307636483369,800,0,,,,,,,7.380061027660786e-08,40.02231427612044,5.517466765039155e-05,5.54488308425419e-05,5.524846826066815e-05,40.02236972495128,40.02242497341954,,,,,,,,,2.932491892527616,2.9324918925276187
605.1307636483369,825,,843.1562217050074,4115.333305932587,0,4115.333305932587,396.65566337076194,425.2186540488346,,,,,,,,80.45634250641662,24.917203416680252,24.917203416680252,24.917203416680252,4,,,,,
605.1307636483369,850,0,,,,,,,1.2574933326182902e-08,40.02981231009375,1.6673341495531276e-05,1.5546906155999286e-05,1.668591642885746e-05,40.02982785699991,40.02984454291634,,,,,,,,,2.857136739062154,2.857136739062156
605.1307636483369,875,,743.6345292019579,4069.3130693080993,0,4069.3130693080993,396.22376962604125,425.2186540488346,,,,,,,,80.32168707192524,23.626658364864284,23.626658364864284,23.626658364864284,4,,,,,
605.1307636483369,900,0,,,,,,,2.098951615198628e-09,40.03868752217813,4.947272926619986e-06,4.2734520704261616e-06,4.949371878235185e-06,40.0386917956302,40.03869674500208,,,,,,,,,2.790023907242001,2.7900239072420034
605.1307636483369,925,,668.5334905886904,4031.9380177139033,0,4031.9380177139033,395.8664670961789,425.2186540488346,,,,,,,,80.190287483434,22.339700646427048,22.339700646427048,22.339700646427048,4,,,,,
605.1307636483369,950,0,,,,,,,3.437919403439553e-10,40.04949879446664,1.443339188316505e-06,1.1534062113250546e-06,1.443682980256849e-06,40.04949994787285,40.049501391555836,,,,,,,,,2.730284128652481,2.7302841286524835
605.1307636483369,975,,609.1634916529005,4001.544510706181,0,4001.544510706181,395.5714732233367,425.2186540488346,,,,,,,,80.06177497967292,21.06931200796555,21.06931200796555,21.06931200796555,4,,,,,
605.1307636483369,1000,0,,,,,,,7.46302622851126e-15,40.0628836614658,4.1450463097408156e-07,3.061585826139778e-07,4.145046384371078e-07,40.06288396762438,40.06288438212902,,,,,,,,,2.7029191561279253,2.7029191561279258
804.4688371385096,0,0,,,,,,,40,0,0,0,40,0,40,,,,,,,,,5.937577372704588,5.937577372704588
804.4688371385096,25,,4279.107796290402,846.0503948430355,0,4279.107796290402,398.12432037997786,425.2186540488346,,,,,,,,83.58046746252128,38.9024569742993,38.9024569742993,38.9024569742993,4,,,,,
804.4688371385096,50,0,,,,,,,39.998817493486165,1.3477213584114117e-254,2.737983677728601e-256,0,39.998817493486165,1.3477213584114117e-254,39.998817493486165,,,,,,,,,5.758889577022507,5.758889577022515
804.4688371385096,75,,4591.147089147901,1005.6006428246932,0,4591.147089147901,400.65785721915967,425.2186540488346,,,,,,,,83.29765551811985,37.882383157887205,37.882383157887205,37.882383157887205,4,,,,,
804.4688371385096,100,0,,,,,,,39.99630081955503,7.272404707709263e-228,8.379289759390164e-230,0,39.99630081955503,7.272404707709263e-228,39.99630081955503,,,,,,,,,5.423302563040164,5.423302563040171
804.4688371385096,125,,4968.901533946958,1183.5359705928863,0,4968.901533946958,403.3337345314115,425.2186540488346,,,,,,,,83.038203835845,37.075884030482484,37.075884030482484,37.075884030482484,4,,,,,
804.4688371385096,150,0,,,,,,,39.99388474794578,3.371838854986066e-175,1.661170804055031e-177,0,39.99388474794578,3.371838854986066e-175,39.99388474794578,,,,,,,,,5.113116400167173,2.914740668977766e-173
804.4688371385096,175,,7952.212699027323,7171.461580607145,975378.7611322987,7881.645616992547,415.7888620865558,425.2186540488346,,,,,,,,82.76796436895397,36.38666575021085,36.37272713340707,36.386625481492615,4,,,,,
804.4688371385096,200,0,,,,,,,17.031769783060856,0.11475002751424979,1.5422348068728964e-35,22.842333618401227,17.031769783060856,22.95708364591548,39.988853428976334,,,,,,,,,0.04379095136795427,0.04379095136796408
804.4688371385096,225,,1438.2224398479739,2396.7576502183233,0,2396.7576502183233,371.0141501519758,425.2186540488346,,,,,,,,82.51570011353344,35.83086792759008,35.83086792759008,35.83086792759008,4,,,,,
804.4688371385096,250,0,,,,,,,4.274447094352316,21.73887370898621,2.773057870183329,11.202839630442497,7.047504964535644,32.9417133394287,39.98921830396435,,,,,,,,,3.8042234816908813,3.8042234816908858
804.4688371385096,275,,1454.8041816663679,4357.391708207294,0,4357.391708207294,398.7909070820255,425.2186540488346,,,,,,,,82.29760222854594,35.281533307204086,35.281533307204086,35.281533307204086,4,,,,,
804.4688371385096,300,0,,,,,,,1.029585980162013,32.40215679638863,1.7935632290732275,4.769581366364153,2.8231492092352406,37.17173816275278,39.99488737198802,,,,,,,,,4.114773829095965,4.114773829095968
804.4688371385096,325,,1407.8015620265865,4998.153721421574,0,4998.153721421574,403.5254352808464,425.2186540488346,,,,,,,,82.09065784115293,34.71131049711914,34.71131049711914,34.71131049711914,4,,,,,
804.4688371385096,350,0,,,,,,,0.2381332511517794,37.04984236116058,0.8566217474914436,1.8578173109830292,1.094754998643223,38.90765967214361,40.002414670786834,,,,,,,,,4.055041004159638,4.055041004159642
804.4688371385096,375,,1329.7065883501364,5112.9711266328895,0,5112.9711266328895,404.2583521110735,425.2186540488346,,,,,,,,81.89411698291623,34.09310501565216,34.09310501565216,34.09310501565216,4,,,,,
804.4688371385096,400,0,,,,,,,0.05297271235962185,38.919209998855955,0.3581127321012373,0.6778822419610182,0.41108544446085915,39.59709224081697,40.00817768527783,,,,,,,,,3.912366111904915,3.9123661119049182
804.4688371385096,425,,1244.530736230969,5037.196612577808,0,5037.196612577808,403.7781072942402,425.2186540488346,,,,,,,,81.70702151154055,33.4081435995941,33.4081435995941,33.4081435995941,4,,,,,
804.4688371385096,450,0,,,,,,,0.011353841652452247,39.62631188533234,0.13820032549458464,0.23468386359036847,0.14955416714703687,39.86099574892271,40.01054991606975,,,,,,,,,3.755882880087604,3.755882880087607
804.4688371385096,475,,1164.2185704028263,4900.650517204457,0,4900.650517204457,402.87829217549694,425.2186540488346,,,,,,,,81.52841428323522,32.64584279076689,32.64584279076689,32.64584279076695,4,,,,,
804.4688371385096,500,0,,,,,,,0.002348808540423717,39.879643559022355,0.0504032968398313,0.0777053190803041,0.052752105380255015,39.95734887810266,40.010100983482914,,,,,,,,,3.6058378263258324,3.605837826325835
804.4688371385096,525,,1092.5753052186058,4758.824451806076,0,4758.824451806076,401.89362915759034,425.2186540488346,,,,,,,,81.35741583216205,31.80158548997207,31.80158548997207,31.801585489972013,4,,,,,
804.4688371385096,550,0,,,,,,,0.0004697314064905208,39.96551324197945,0.01759029859047289,0.024747359684008218,0.01806002999696341,39.99026060166346,40.008320631660425,,,,,,,,,3.4673696481859366,3.4673696481859397
804.4688371385096,575,,1009.2427409438949,4537.902703152665,0,4537.902703152665,400.24803046726123,425.2186540488346,,,,,,,,81.19322910100854,30.870471742604252,30.870471742604252,30.870471742604252,4,,,,,
804.4688371385096,600,0,,,,,,,9.093738469756109e-05,39.99281044294973,0.00591796998479331,0.007615677514953178,0.006008907369490871,40.00042612046469,40.00643502783418,,,,,,,,,3.338194899983818,3.3381948999838205
804.4688371385096,625,,949.876679869341,4416.458781349111,0,4416.458781349111,399.2796349168359,425.2186540488346,,,,,,,,81.03508072053992,29.80617726327364,29.80617726327364,29.806177263273582,4,,,,,
804.4688371385096,650,0,,,,,,,1.7042637110179006e-05,40.00107276788225,0.0019269852207176577,0.0022714363954648427,0.0019440278578278366,40.00334420427772,40.00528823213554,,,,,,,,,3.219089168350112,3.2190891683501146
804.4688371385096,675,,898.7815308101248,4315.638795446996,0,4315.638795446996,398.4381130670389,425.2186540488346,,,,,,,,80.88292438463125,28.66520814756649,28.66520814756649,28.66520814756649,4,,,,,
804.4688371385096,700,0,,,,,,,3.0974434924600066e-06,40.003737839064414,0.000609849002615644,0.0006594191839271515,0.000612946446108104,40.00439725824834,40.00501020469445,,,,,,,,,3.1126151291679105,3.112615129167913
804.4688371385096,725,,1082.126797460042,4232.28980299499,0,4232.28980299499,397.7149891905745,425.2186540488346,,,,,,,,80.73598050898292,27.462880959172935,27.462880959172935,27.462880959172935,4,,,,,
804.4688371385096,750,0,,,,,,,5.469389074150979e-07,40.005001582877995,0.0001882579489138354,0.00018708697434604644,0.00018880488782125048,40.00518866985234,40.00537747474016,,,,,,,,,3.017571669900957,3.01757166990096
804.4688371385096,775,,1039.3401496307756,4163.698824350802,0,4163.698824350802,397.100259169331,425.2186540488346,,,,,,,,80.59368584927192,26.216425207021757,26.216425207021757,26.216425207021757,4,,,,,
804.4688371385096,800,0,,,,,,,9.400641994530735e-08,40.005964260285495,5.6862688283859356e-05,5.206364228093171e-05,5.695669470380466e-05,40.006016323927774,40.00607328062248,,,,,,,,,2.9328055306545577,2.9328055306545604
804.4688371385096,825,,844.952615006134,4106.832417619903,0,4106.832417619903,396.57654214716047,425.2186540488346,,,,,,,,80.45553544694567,24.94360540109028,24.94360540109028,24.943605401090338,4,,,,,
804.4688371385096,850,0,,,,,,,1.5757592324592545e-08,40.006823083606115,1.6851569199498677e-05,1.4255823465378225e-05,1.686732679182327e-05,40.00683733942958,40.00685420675637,,,,,,,,,2.857249733204856,2.857249733204858
804.4688371385096,875,,746.1103623911845,4060.7123830656365,0,4060.7123830656365,396.1420735367956,425.2186540488346,,,,,,,,80.32107707117216,23.66156183990779,23.66156183990779,23.66156183990779,4,,,,,
804.4688371385096,900,0,,,,,,,2.5809506532646793e-09,40.00759728578701,4.911741129206969e-06,3.8503310438488255e-06,4.914322079860233e-06,40.00760113611805,40.007606050440124,,,,,,,,,2.7899308154247966,2.7899308154247993
804.4688371385096,925,,670.7347231841208,4022.3595821332287,0,4022.3595821332287,395.77393428702356,425.2186540488346,,,,,,,,80.18990623224312,22.386106945075596,22.386106945075596,22.386106945075596,4,,,,,
804.4688371385096,950,0,,,,,,,4.138791508543646e-10,40.008325318296755,1.4109318717503782e-06,1.0276539056010187e-06,1.4113457509012326e-06,40.008326345950664,40.00832775729641,,,,,,,,,2.7299672545459157,2.7299672545459184
804.4688371385096,975,,611.8095433251726,3991.3277659047017,0,3991.3277659047017,395.47140238252086,425.2186540488346,,,,,,,,80.06166140564461,21.131118476353038,21.131118476353038,21.13111847635298,4,,,,,
804.4688371385096,1000,0,,,,,,,1.1034877563647524e-14,40.009084944177566,4.0008048845949705e-07,2.714431087585129e-07,4.000804994943746e-07,40.00908521562067,40.009085615701174,,,,,,,,,2.7020088727439764,2.702008872743977
1004.5674287042399,0,0,,,,,,,40,0,0,0,40,0,40,,,,,,,,,5.942354951711474,5.942354951711474
1004.5674287042399,25,,4281.4405377788935,846.310930473523,0,4281.4405377788935,398.14450324901907,425.2186540488346,,,,,,,,83.56346291702386,38.89569420128032,38.89569420128032,38.89569420128032,4,,,,,
1004.5674287042399,50,0,,,,,,,40.013912288989204,0,0,0,40.013912288989204,0,40.013912288989204,,,,,,,,,5.7629036881522735,5.7629036881522815
1004.5674287042399,75,,4594.91371943533,1006.105098153508,0,4594.91371943533,400.6865209570414,425.2186540488346,,,,,,,,83.28015320221304,37.87200936942463,37.87200936942463,37.87200936942463,4,,,,,
1004.5674287042399,100,0,,,,,,,40.024598775191016,0,0,0,40.024598775191016,0,40.024598775191016,,,,,,,,,5.427739935983546,5.427739935983553
1004.5674287042399,125,,4975.479634875007,1184.5169946106867,0,4975.479634875007,403.37702386438116,425.2186540488346,,,,,,,,83.02016654723475,37.06415983488455,37.06415983488455,37.06415983488455,4,,,,,
1004.5674287042399,150,0,,,,,,,40.032934468564754,6.237243531550848e-256,3.059720217171697e-258,0,40.032934468564754,6.237243531550848e-256,40.032934468564754,,,,,,,,,5.1131181330394195,4.919626975393566
1004.5674287042399,175,,7954.479303214221,1531.9600949150117,0,7954.479303214221,416.00799012802935,425.2186540488346,,,,,,,,82.76243990652829,36.38265160808726,36.38265160808726,36.38265160808726,4,,,,,
1004.5674287042399,200,0,,,,,,,17.061514424395376,0.0022727026327996917,1.526506876165795e-185,22.96645172719982,17.061514424395376,22.968724429832623,40.030238854228,,,,,,,,,0.0008740338669683159,0.0008740338669781864
1004.5674287042399,225,,1437.5314472633074,2375.404529711622,0,2375.404529711622,370.49859315515397,425.2186540488346,,,,,,,,82.5220666323396,35.83447727307464,35.83447727307464,35.8344772730747,4,,,,,
1004.5674287042399,250,0,,,,,,,4.283801764431965,21.677336578571317,2.7776936096192055,11.29257704924352,7.061495374051171,32.96991362781483,40.031409001866,,,,,,,,,3.804697329225906,3.8046973292259105
1004.5674287042399,275,,1454.7706121800275,4348.782695622954,0,4348.782695622954,398.7186682275712,425.2186540488346,,,,,,,,82.30372405122579,35.286135526694466,35.286135526694466,35.28613552669452,4,,,,,
1004.5674287042399,300,0,,,,,,,1.0324940195410888,32.37578129635295,1.7976761964363595,4.8293034654505,2.8301702159774482,37.20508476180345,40.035254977780895,,,,,,,,,4.118400425640408,4.118400425640411
1004.5674287042399,325,,1408.012826967378,4994.908142514821,0,4994.908142514821,403.5042675597689,425.2186540488346,,,,,,,,82.09638365999902,34.717377776045794,34.717377776045794,34.717377776045794,4,,,,,
1004.5674287042399,350,0,,,,,,,0.23899913266495168,37.046339357450066,0.8598694747855009,1.8945224384615285,1.0988686074504526,38.940861795911594,40.03973040336205,,,,,,,,,4.059522330349776,4.05952233034978
1004.5674287042399,375,,1329.8565750994433,5114.712816756627,0,5114.712816756627,404.26923654859627,425.2186540488346,,,,,,,,81.89944967720551,34.10060003473916,34.10060003473916,34.10060003473916,4,,,,,
1004.5674287042399,400,0,,,,,,,0.05322036864151406,38.93184334641304,0.3605520803798778,0.6986599479148747,0.4137724490213919,39.630503294327916,40.04427574334931,,,,,,,,,3.9170700361190613,3.9170700361190645
1004.5674287042399,425,,1244.6537411569218,5038.812818884062,0,5038.812818884062,403.7884891829985,425.2186540488346,,,,,,,,81.71195483468493,33.4162018203362,33.4162018203362,33.4162018203362,4,,,,,
1004.5674287042399,450,0,,,,,,,0.011423292508185981,39.652251506408675,0.13986941217285911,0.24549863697414356,0.1512927046810451,39.897750143382815,40.04904284806386,,,,,,,,,3.760616508443384,3.760616508443387
1004.5674287042399,475,,1164.1761685934675,4904.864574292836,0,4904.864574292836,402.90674976247425,425.2186540488346,,,,,,,,81.53293728686643,32.65315956308308,32.65315956308308,32.65315956308308,4,,,,,
1004.5674287042399,500,0,,,,,,,0.0023682031024751505,39.917326130844124,0.05142227228322666,0.08288338285915607,0.053790475385701815,40.00020951370328,40.053999989088986,,,,,,,,,3.6105876735215885,3.610587673521591
1004.5674287042399,525,,1092.3601456750594,4763.352101686908,0,4763.352101686908,401.92589311037494,425.2186540488346,,,,,,,,81.36151600585276,31.80711680004441,31.80711680004441,31.80711680004447,4,,,,,
1004.5674287042399,550,0,,,,,,,0.00047512547595515193,40.01318546503178,0.018146347777765186,0.027033987795602947,0.01862147325372034,40.04021945282739,40.05884092608111,,,,,,,,,3.4721944592182354,3.4721944592182385
1004.5674287042399,575,,1009.2264565830372,4543.838944419483,0,4543.838944419483,400.2941560522949,425.2186540488346,,,,,,,,81.1968953296536,30.8741351578264,30.8741351578264,30.874135157826345,4,,,,,
1004.5674287042399,600,0,,,,,,,9.241074493169671e-05,40.04834034044268,0.00619199639311239,0.008550748541501113,0.006284407138044086,40.05689108898418,40.06317549612223,,,,,,,,,3.343124768894783,3.3431247688947856
1004.5674287042399,625,,949.8647324304472,4422.831251490901,0,4422.831251490901,399.3316517792266,425.2186540488346,,,,,,,,81.03830209267984,29.80819290734945,29.80819290734945,29.80819290734945,4,,,,,
1004.5674287042399,650,0,,,,,,,1.7431341490265932e-05,40.06194295856585,0.002050221979892228,0.0026269455441552425,0.002067653321382494,40.06456990411001,40.06663755743139,,,,,,,,,3.224097802348115,3.2240978023481177
1004.5674287042399,675,,898.7734191456844,4322.210947685112,0,4322.210947685112,398.494055234505,425.2186540488346,,,,,,,,80.88570172663701,28.666595224382945,28.666595224382945,28.666595224382945,4,,,,,
1004.5674287042399,700,0,,,,,,,3.1954798304788523e-06,40.067773779964455,0.000660993045572119,0.0007857993568579409,0.0006641885254025979,40.06855957932131,40.069223767846715,,,,,,,,,3.1176793991327307,3.1176793991327334
1004.5674287042399,725,,1082.1353905409248,4238.919301367675,0,4238.919301367675,397.77344906413805,425.2186540488346,,,,,,,,80.73831618980157,27.464656694577002,27.464656694577002,27.464656694577002,4,,,,,
1004.5674287042399,750,0,,,,,,,5.704645006735755e-07,40.07072280938613,0.00020803646069135205,0.00022933292642288595,0.00020860692519202563,40.07095214231256,40.07116074923775,,,,,,,,,3.022657860118027,3.02265786011803
1004.5674287042399,775,,1040.072098524676,4170.325129145215,0,4170.325129145215,397.16044418028673,425.2186540488346,,,,,,,,80.59558417026736,26.21923586287886,26.21923586287886,26.21923586287886,4,,,,,
1004.5674287042399,800,0,,,,,,,9.937143942373719e-08,40.07261694191158,6.405007464992007e-05,6.541467812655481e-05,6.414944608934381e-05,40.07268235658971,40.0727465060358,,,,,,,,,2.9378841994389018,2.9378841994389044
1004.5674287042399,825,,845.715414542925,4113.866134612513,0,4113.866134612513,396.64202890741865,425.2186540488346,,,,,,,,80.4570016355295,24.947626015582614,24.947626015582614,24.947626015582614,4,,,,,
1004.5674287042399,850,0,,,,,,,1.6922241415919354e-08,40.07417921941681,1.932344340193901e-05,1.8264912583791138e-05,1.934036564335493e-05,40.074197484329396,40.07421682469504,,,,,,,,,2.862303299228678,2.8623032992286803
1004.5674287042399,875,,746.2097745791814,4067.336444284239,0,4067.336444284239,396.20502168457097,425.2186540488346,,,,,,,,80.32211633422123,23.666684861421913,23.666684861421913,23.666684861421913,4,,,,,
1004.5674287042399,900,0,,,,,,,2.8223162576083827e-09,40.075679368040596,5.72122884130714e-06,4.999436171977138e-06,5.724051157564749e-06,40.07568436747677,40.075690091527925,,,,,,,,,2.7949526827193156,2.7949526827193183
1004.5674287042399,925,,671.1676576694923,4029.2937294928824,0,4029.2937294928824,395.84096150093575,425.2186540488346,,,,,,,,80.19052347233156,22.392114043295408,22.392114043295408,22.392114043295408,4,,,,,
1004.5674287042399,950,0,,,,,,,4.617984088350882e-10,40.07717966967913,1.6646775168087622e-06,1.3433272828769148e-06,1.6651393152175972e-06,40.07718101300642,40.07718267814573,,,,,,,,,2.7349572366633605,2.734957236663363
1004.5674287042399,975,,612.1619096844872,3998.250888990406,0,3998.250888990406,395.53926323349407,425.2186540488346,,,,,,,,80.0618616053206,21.137916918043288,21.137916918043288,21.137916918043345,4,,,,,
1004.5674287042399,1000,0,,,,,,,1.2333848103925628e-14,40.078655651230555,4.765536680762228e-07,3.5487212770192084e-07,4.765536804100709e-07,40.07865600610268,40.07865648265636,,,,,,,,,2.7070055982145864,2.707005598214587
1042.9920397496235,0,0,,,,,,,40,0,0,0,40,0,40,,,,,,,,,5.939116748949263,5.939116748949263
1042.9920397496235,25,,4276.884399094106,845.0868420539376,0,4276.884399094106,398.10506497193694,425.2186540488346,,,,,,,,83.56880446476882,38.902650850585474,38.902650850585474,38.902650850585474,4,,,,,
1042.9920397496235,50,0,,,,,,,39.98638817330919,0,0,0,39.98638817330919,0,39.98638817330919,,,,,,,,,5.760377162071029,5.760377162071037
1042.9920397496235,75,,4589.672026453342,1005.1952276723678,0,4589.672026453342,400.64662041613144,425.2186540488346,,,,,,,,83.28596170899011,37.87995860825703,37.87995860825703,37.87995860825703,4,,,,,
1042.9920397496235,100,0,,,,,,,39.97735473882299,0,0,0,39.97735473882299,0,39.97735473882299,,,,,,,,,5.4228926712209535,5.422892671220961
1042.9920397496235,125,,4969.623621020111,1184.170423145214,0,4969.623621020111,403.33849160531815,425.2186540488346,,,,,,,,83.02665680230828,37.070901661191556,37.070901661191556,37.070901661191556,4,,,,,
1042.9920397496235,150,0,,,,,,,39.97115595687863,4.2924000749092264e-272,2.1251198110579183e-274,0,39.97115595687863,4.2924000749092264e-272,39.97115595687863,,,,,,,,,5.203343601191809,2.928830047562173e-271
1042.9920397496235,175,,7910.674134767287,5096.47841952646,901280.9046446985,7300.81316831278,413.34498962916484,425.2186540488346,,,,,,,,82.75950364207245,36.38905544499289,36.3732875392613,36.388477833809304,4,,,,,
1042.9920397496235,200,0,,,,,,,17.17736403805394,1.4535409570965425,1.54580250588836e-10,21.324037767091678,17.17736403820852,22.77757872418822,39.95494276239674,,,,,,,,,0.5076220087494212,0.5076220087494305
1042.9920397496235,225,,1438.99505811545,2666.167890135805,0,2666.167890135805,376.9097821223755,425.2186540488346,,,,,,,,82.51001349060675,35.82316680448139,35.82316680448139,35.82316680448139,4,,,,,
1042.9920397496235,250,0,,,,,,,4.294147934638693,22.7505981317615,2.7533347514216033,10.17915553330416,7.047482686060297,32.92975366506566,39.97723635112596,,,,,,,,,3.851302331439772,3.8513023314397765
1042.9920397496235,275,,1455.1310050199777,4503.666111048569,0,4503.666111048569,399.9798442383704,425.2186540488346,,,,,,,,82.29138774695222,35.27198045919323,35.27198045919323,35.27198045919323,4,,,,,
1042.9920397496235,300,0,,,,,,,1.0219870296858633,33.05500950441554,1.7447124104689982,4.162410540146137,2.7666994401548615,37.21742004456168,39.98411948471654,,,,,,,,,4.132556389045781,4.132556389045784
1042.9920397496235,325,,1407.9052916550943,5068.973685671337,0,5068.973685671337,403.9811132517915,425.2186540488346,,,,,,,,82.08481410398971,34.70411162318692,34.70411162318692,34.70411162318692,4,,,,,
1042.9920397496235,350,0,,,,,,,0.23184980816496348,37.38396213731764,0.8126439807053788,1.5496114579767342,1.0444937888703423,38.93357359529437,39.97806738416471,,,,,,,,,4.061569063921183,4.061569063921187
1042.9920397496235,375,,1330.4619154697646,5141.867228937437,0,5141.867228937437,404.438055423585,425.2186540488346,,,,,,,,81.88869919954753,34.08975760020701,34.08975760020701,34.08975760020695,4,,,,,
1042.9920397496235,400,0,,,,,,,0.05026824210147281,39.04429739481199,0.33080823780348223,0.5422585548325984,0.381076479904955,39.58655594964459,39.967632429549546,,,,,,,,,3.912912986798968,3.912912986798971
1042.9920397496235,425,,1244.9575817747598,5043.277035602749,0,5043.277035602749,403.8171337917664,425.2186540488346,,,,,,,,81.7020399754828,33.40831166552283,33.40831166552283,33.40831166552283,4,,,,,
1042.9920397496235,450,0,,,,,,,0.010449271079809289,39.64136281411212,0.12451366287161511,0.1819791094773724,0.1349629339514244,39.823341923589496,39.95830485754092,,,,,,,,,3.753384289080376,3.7533842890803792
1042.9920397496235,475,,1164.1738214826496,4898.327472422889,0,4898.327472422889,402.8625854072349,425.2186540488346,,,,,,,,81.52387638046318,32.648082590886816,32.648082590886816,32.648082590886816,4,,,,,
1042.9920397496235,500,0,,,,,,,0.0020896519946847296,39.84597095214146,0.044483069969072066,0.059328742145623684,0.046572721963756794,39.90529969428708,39.951872416250836,,,,,,,,,3.601942735687356,3.601942735687359
1042.9920397496235,525,,1092.5526661171557,4753.75130687704,0,4753.75130687704,401.8574111770494,425.2186540488346,,,,,,,,81.35332351093476,31.80428019139174,31.80428019139174,31.804280191391797,4,,,,,
1042.9920397496235,550,0,,,,,,,0.00040340851704191266,39.91343560924295,0.015300874500716046,0.018929169615543397,0.015704283017757958,39.9323647788585,39.948069061876254,,,,,,,,,3.4629126042053513,3.4629126042053544
1042.9920397496235,575,,1009.225466917405,4532.111875963777,0,4532.111875963777,400.20292862634005,425.2186540488346,,,,,,,,81.18958054370934,30.872645224675182,30.872645224675182,30.872645224675182,4,,,,,
1042.9920397496235,600,0,,,,,,,7.542487401189589e-05,39.934827204775004,0.005109307748143968,0.0059291096351981884,0.005184732622155864,39.9407563144102,39.945941047032356,,,,,,,,,3.3335502493491567,3.3335502493491593
1042.9920397496235,625,,949.8685846799001,4410.579071878666,0,4410.579071878666,399.231519078814,425.2186540488346,,,,,,,,81.03187018623596,29.807301315042707,29.807301315042707,29.807301315042764,4,,,,,
1042.9920397496235,650,0,,,,,,,1.3681296710495888e-05,39.94124870447057,0.0016626113764423574,0.0018220210598688196,0.0016762926731528531,39.94307072553043,39.944747018203586,,,,,,,,,3.214404438723731,3.214404438723734
1042.9920397496235,675,,898.7798093678164,4309.773131525672,0,4309.773131525672,398.388053756952,425.2186540488346,,,,,,,,80.88014782631379,28.665536379750506,28.665536379750506,28.665536379750506,4,,,,,
1042.9920397496235,700,0,,,,,,,2.415399354981752e-06,39.94272886634512,0.0005289950078513283,0.0005490840096547563,0.0005314104072063101,39.943277950354776,39.94380936076198,,,,,,,,,3.1079430433764146,3.1079430433764172
1042.9920397496235,725,,1082.1464743514844,4226.397535197922,0,4226.397535197922,397.66289086579053,425.2186540488346,,,,,,,,80.73363445058118,27.463025415798313,27.463025415798313,27.463025415798313,4,,,,,
1042.9920397496235,750,0,,,,,,,4.1627161281393935e-07,39.942422225746384,0.00016493338543072713,0.0001621679846163081,0.00016534965704354107,39.942584393731,39.94274974338805,,,,,,,,,3.012919668806013,3.0129196688060156
1042.9920397496235,775,,1040.088935275497,4157.724924447684,0,4157.724924447684,397.045851050133,425.2186540488346,,,,,,,,80.5917679810628,26.21702257412352,26.21702257412352,26.21702257412352,4,,,,,
1042.9920397496235,800,0,,,,,,,7.021593570375387e-08,39.941350234515305,5.0472194917899564e-05,4.692413138116379e-05,5.054241085360332e-05,39.94139715864669,39.94144770105754,,,,,,,,,2.9281639563299993,2.928163956330002
1042.9920397496235,825,,845.661905706049,4101.160131702031,0,4101.160131702031,396.5235830650732,425.2186540488346,,,,,,,,80.45404445534223,24.94509163052038,24.94509163052038,24.945091630520437,4,,,,,
1042.9920397496235,850,0,,,,,,,1.1619011198704627e-08,39.9399267784486,1.5178540102661635e-05,1.3305113073421712e-05,1.5190159113860339e-05,39.93994008356167,39.939955273720784,,,,,,,,,2.8526065160563685,2.8526065160563707
1042.9920397496235,875,,746.1823904359616,4054.494249967982,0,4054.4942499679823,396.0828140256625,425.2186540488346,,,,,,,,80.32001219856512,23.664166823531957,23.664166823531957,23.664166823531957,4,,,,,
1042.9920397496235,900,0,,,,,,,1.8899147150896537e-09,39.93838984507645,4.490748200950132e-06,3.699329497713114e-06,4.492638115665221e-06,39.93839354440595,39.93839803704406,,,,,,,,,2.78527722156921,2.7852772215692125
1042.9920397496235,925,,671.1603801641347,4016.2936032492967,0,4016.293603249296,395.71512791459764,425.2186540488346,,,,,,,,80.18926707710209,22.389873066325322,22.389873066325322,22.389873066325322,4,,,,,
1042.9920397496235,950,0,,,,,,,3.0268789937168324e-10,39.93689469806393,1.3084590775842909e-06,1.0095956041586778e-06,1.3087617654836626e-06,39.93689570765954,39.936897016421305,,,,,,,,,2.7252986267326778,2.7252986267326804
1042.9920397496235,975,,612.1695221075505,3985.083182016302,0,3985.083182016302,395.41001042747985,425.2186540488346,,,,,,,,80.06144815174302,21.136075058552535,21.136075058552535,21.136075058552535,4,,,,,
1042.9920397496235,1000,0,,,,,,,8.053302024333735e-15,39.9355283337666,3.7577923355718914e-07,2.708262645286193e-07,3.7577924161049116e-07,39.93552860459286,39.935528980372105,,,,,,,,,2.6972615850891297,2.69726158508913
